संज्ञा|किस विकल्प में व्यक्तिवाचक संज्ञा है?|दिल्ली|शहर|नदी|लड़का|दिल्ली किसी विशेष स्थान का नाम है; शहर एक जातिवाचक संज्ञा है।
संज्ञा|किस विकल्प में भाववाचक संज्ञा है?|ईमानदारी|राम|कुर्सी|पर्वत|ईमानदारी एक गुण या भाव का नाम है, किसी ठोस वस्तु का नहीं।
संज्ञा|किस विकल्प में जातिवाचक संज्ञा है?|पक्षी|गंगा|भारत|मोहन|पक्षी एक जाति या वर्ग का सामान्य नाम है; अन्य विकल्प विशेष नाम हैं।
सर्वनाम|वाक्य "वह विद्यालय गया" में सर्वनाम कौन सा है?|वह|विद्यालय|गया|पूरा वाक्य संज्ञा है|वह किसी व्यक्ति के नाम के स्थान पर प्रयुक्त हुआ है, इसलिए सर्वनाम है।
सर्वनाम|किस विकल्प में प्रश्नवाचक सर्वनाम है?|कौन|मैं|हम|वह|कौन व्यक्ति के बारे में प्रश्न पूछने के लिए प्रयुक्त होता है।
सर्वनाम|"जो परिश्रम करता है, वह सफल होता है" में संबंधवाचक सर्वनाम कौन सा है?|जो|परिश्रम|सफल|करता|जो दो कथनों के बीच संबंध स्थापित करता है और संबंधवाचक सर्वनाम है।
विशेषण|"मीठा फल" में विशेषण कौन सा है?|मीठा|फल|दोनों संज्ञाएँ हैं|कोई शब्द नहीं|मीठा फल की विशेषता बताता है, इसलिए विशेषण है।
विशेषण|"तीन पुस्तकें" में तीन किस प्रकार का विशेषण है?|संख्यावाचक|गुणवाचक|संबंधवाचक सर्वनाम|क्रिया|तीन पुस्तकों की निश्चित संख्या बताता है।
विशेषण|"कुछ पानी" में कुछ किस बात का बोध कराता है?|अनिश्चित मात्रा|निश्चित क्रम|व्यक्ति का नाम|क्रिया का काल|पानी यहाँ अगणनीय पदार्थ है; कुछ उसकी अनिश्चित मात्रा बताता है।
क्रिया|"सीमा पत्र लिखती है" में मुख्य क्रिया कौन सी है?|लिखती|सीमा|पत्र|है ही मुख्य अर्थ है|लिखती करने की क्रिया का बोध कराती है; है सहायक क्रिया है।
क्रिया|किस वाक्य में सकर्मक क्रिया है?|मोहन पुस्तक पढ़ता है।|बच्चा सोता है।|पक्षी उड़ता है।|बालक हँसता है।|पढ़ता है का कर्म पुस्तक है; अन्य वाक्यों में इस प्रयोग में कर्म नहीं है।
क्रिया|किस वाक्य में अकर्मक क्रिया है?|शिशु सो रहा है।|वह पत्र लिखता है।|सीता फल खाती है।|राम गेंद फेंकता है।|सोना इस वाक्य में बिना कर्म के पूर्ण अर्थ देता है।
काल|"मैंने भोजन किया" किस काल का वाक्य है?|भूतकाल|वर्तमानकाल|भविष्यत्काल|केवल प्रश्नकाल|क्रिया हो चुकी है, इसलिए भूतकाल का बोध होता है।
काल|"वह कल आएगा" किस काल का वाक्य है?|भविष्यत्काल|भूतकाल|वर्तमानकाल|संज्ञाकाल|आएगा आने वाली क्रिया का बोध कराता है।
काल|"बच्चे खेल रहे हैं" किस प्रकार की स्थिति दिखाता है?|वर्तमान में जारी क्रिया|पूरी हो चुकी भविष्य की क्रिया|केवल इच्छा का नाम|क्रिया का अभाव|रहे हैं क्रिया के वर्तमान में जारी रहने का संकेत देता है।
लिंग और वचन|पुस्तक का बहुवचन चुनिए।|पुस्तकें|पुस्तकों का एकमात्र सीधा रूप|पुस्तकता|पुस्तकीय|सीधे बहुवचन रूप में पुस्तकें प्रयुक्त होता है; परसर्ग के साथ पुस्तकों का प्रयोग हो सकता है।
लिंग और वचन|लड़का का सीधा बहुवचन रूप चुनिए।|लड़के|लड़कता|लड़की|लड़कापन|लड़का का सीधा बहुवचन लड़के है; लड़की स्त्रीलिंग रूप है।
लिंग और वचन|पुस्तक के लिंग के अनुसार सही वाक्य चुनिए।|मेरी पुस्तक खो गई।|मेरा पुस्तक खो गया।|मेरी पुस्तक खो गया।|मेरे पुस्तक खो गई।|पुस्तक स्त्रीलिंग है, इसलिए मेरी और गई का मेल उचित है।
लिंग और वचन|बहुवचन बच्चे के अनुसार सही क्रिया वाला वाक्य चुनिए।|बच्चे मैदान में खेल रहे हैं।|बच्चे मैदान में खेल रहा है।|बच्चे मैदान में खेल रही है।|बच्चे मैदान में खेलता है।|बच्चे बहुवचन हैं; खेल रहे हैं का प्रयोग संख्या के अनुरूप है।
कारक|"राम ने पत्र लिखा" में कर्ता कारक का चिह्न कौन सा है?|ने|पत्र|लिखा|राम नाम स्वयं परसर्ग है|ने यहाँ कर्ता से जुड़ा कारक चिह्न है।
कारक|"वह चाकू से फल काटता है" में से किस कारक का चिह्न है?|करण|अपादान|अधिकरण|संबोधन|चाकू काटने का साधन है, इसलिए यहाँ से करण कारक का बोध कराता है।
कारक|"पेड़ से पत्ता गिरा" में से किस कारक का चिह्न है?|अपादान|करण|संबंध|संबोधन|पेड़ अलग होने का स्रोत है, इसलिए यहाँ से अपादान का बोध कराता है।
कारक|"किताब मेज पर है" में पर किस कारक का चिह्न है?|अधिकरण|कर्त्ता|संबंध|अपादान|पर स्थान या आधार का बोध कराता है, इसलिए अधिकरण कारक का चिह्न है।
उपसर्ग|असफल शब्द में उपसर्ग कौन सा है?|अ|सफल|फल|ल|अ उपसर्ग सफल के आगे जुड़कर नकारात्मक अर्थ बनाता है।
उपसर्ग|प्रतिकूल शब्द में उपसर्ग कौन सा है?|प्रति|कूल|ति|ल|प्रति मूल शब्द के पहले जुड़ा उपसर्ग है।
प्रत्यय|सुंदरता शब्द में प्रत्यय कौन सा है?|ता|सुंदर|सु|दर|ता सुंदर के बाद जुड़कर भाववाचक संज्ञा बनाता है।
प्रत्यय|मानवता शब्द में प्रत्यय कौन सा है?|ता|मानव|मा|नव|ता मूल शब्द मानव के बाद जुड़ा है।
संधि|विद्या + आलय का संधि रूप क्या है?|विद्यालय|विद्याआलय|विदियलय|विद्यलय|आ और आ के मेल से दीर्घ आ रहता है; मानक शब्द विद्यालय है।
संधि|महा + ईश का संधि रूप क्या है?|महेश|महीश|महाईश|महिश|आ और ई के मेल से ए बनता है; यह गुण संधि का उदाहरण है।
संधि|देव + इंद्र का संधि रूप क्या है?|देवेंद्र|देवइंद्र|देवोंद्र|देवींद्र|अ और इ के मेल से ए होता है; मानक रूप देवेंद्र है।
समास|नीलकमल में कौन सा समास है?|कर्मधारय|द्वंद्व|अव्ययीभाव|द्विगु|नीला कमल में विशेषण और विशेष्य का संबंध है; यह कर्मधारय समास है।
समास|माता-पिता में कौन सा समास है?|द्वंद्व|कर्मधारय|द्विगु|अव्ययीभाव|माता और पिता दोनों पद प्रधान हैं; द्वंद्व समास में और का संबंध होता है।
समास|यथाशक्ति में कौन सा समास है?|अव्ययीभाव|द्वंद्व|द्विगु|बहुव्रीहि|शक्ति के अनुसार अर्थ में पहला अव्यय पद प्रधान है।
समास|राजपुत्र का उचित विग्रह क्या है?|राजा का पुत्र|राजा और पुत्र|पुत्र के समान राजा|बिना पुत्र का राजा|राजा का पुत्र संबंध का बोध कराता है; यह संबंध तत्पुरुष का उदाहरण है।
पर्यायवाची|जल का पर्यायवाची शब्द चुनिए।|नीर|अग्नि|पवन|धरती|नीर का अर्थ जल है; अन्य विकल्प अलग तत्वों के नाम हैं।
पर्यायवाची|सूर्य का पर्यायवाची शब्द चुनिए।|रवि|शशि|नीर|समीर|रवि सूर्य का पर्याय है; शशि चंद्रमा और समीर हवा का नाम है।
पर्यायवाची|पृथ्वी का पर्यायवाची शब्द चुनिए।|धरती|आकाश|अग्नि|सागर|धरती पृथ्वी का पर्यायवाची शब्द है।
विलोम|लाभ का विलोम शब्द चुनिए।|हानि|प्राप्ति|मुनाफा|फायदा|हानि लाभ का विपरीत अर्थ व्यक्त करती है; अन्य विकल्प लाभ से संबंधित हैं।
विलोम|आशा का विलोम शब्द चुनिए।|निराशा|उम्मीद|विश्वास|आकांक्षा|निराशा आशा का विपरीत अर्थ व्यक्त करती है।
विलोम|उन्नति का विलोम शब्द चुनिए।|अवनति|प्रगति|विकास|उत्थान|अवनति नीचे की ओर गिरावट का बोध कराती है।
अनेक शब्दों के लिए एक शब्द|जो कभी न मरे, उसके लिए एक शब्द चुनिए।|अमर|अज्ञात|अल्पज्ञ|अनुज|अमर का अर्थ मृत्यु से रहित या कभी न मरने वाला है।
अनेक शब्दों के लिए एक शब्द|जो दूसरों का भला करे, उसके लिए एक शब्द चुनिए।|परोपकारी|स्वार्थी|क्रूर|कृतघ्न|परोपकारी दूसरों के हित के लिए कार्य करने वाले को कहते हैं।
मुहावरे|नाक कटना मुहावरे का अर्थ क्या है?|अपमान होना|बीमार पड़ना|यात्रा करना|धन पाना|मुहावरे का अर्थ शाब्दिक नहीं है; नाक कटना मान-सम्मान खोने का बोध कराता है।
मुहावरे|दाँत खट्टे करना मुहावरे का अर्थ क्या है?|कड़ी पराजय देना|दाँतों की सफाई करना|मिठाई खाना|दवा लेना|यह मुहावरा प्रतिद्वंद्वी को कड़ी पराजय देने का बोध कराता है।
मुहावरे|आँखों का तारा मुहावरे का अर्थ क्या है?|बहुत प्रिय व्यक्ति|एक नक्षत्र का वैज्ञानिक नाम|अनजान यात्री|गुस्सैल व्यक्ति|आँखों का तारा अत्यंत प्रिय व्यक्ति के लिए प्रयुक्त होता है।
वाक्य शुद्धि|विद्यालय जाने की आवश्यकता व्यक्त करने वाला शुद्ध वाक्य चुनिए।|मुझे विद्यालय जाना है।|मेरे को विद्यालय जानी है।|मुझे विद्यालय गया है।|मैंने विद्यालय जाना हैं।|मुझे विद्यालय जाना है मानक रूप है और क्रिया संरचना सही है।
वाक्य शुद्धि|मुझसे के मानक प्रयोग वाला शुद्ध वाक्य चुनिए।|उसने मुझसे कहा।|उसने मेरे से कहा।|उसने मैंसे कहा।|उसने मुझ को से कहा।|मानक प्रयोग में मुझसे उचित है; सर्वनाम का रूप परसर्ग के अनुरूप बदलता है।
विराम चिह्न|प्रश्नवाचक वाक्य के अंत में कौन सा चिह्न लगता है?|प्रश्नवाचक चिह्न|अल्पविराम|योजक चिह्न|उद्धरण चिह्न अकेला|प्रश्न के अंत में प्रश्नवाचक चिह्न लगाया जाता है।
विराम चिह्न|किस चिह्न का सामान्य उपयोग किसी के कथन को उद्धृत करने में होता है?|उद्धरण चिह्न|केवल पूर्णविराम|केवल योजक|केवल अल्पविराम|उद्धरण चिह्न प्रत्यक्ष कथन या उद्धृत शब्दों को अलग दिखाते हैं।
पठन|"वर्षा के कारण मैच स्थगित हुआ" से कौन सा निष्कर्ष सीधे समर्थित है?|मैच वर्षा के कारण स्थगित हुआ।|मैच कभी नहीं होगा।|सभी खिलाड़ी बीमार थे।|स्टेडियम स्थायी रूप से बंद है।|वाक्य केवल स्थगन का कारण बताता है; अतिरिक्त निष्कर्ष बिना प्रमाण के न जोड़ें।
