haryana-history-rakhigarhi/Archaeology|Which archaeological site in Haryana is associated with the Harappan civilization?|Rakhigarhi|Sanchi|Hampi|Ajanta|Rakhigarhi is a Harappan site in Haryana. Learn archaeological evidence separately from later literary traditions.
haryana-history-rakhigarhi/Archaeology|Which other Harappan site is located in Haryana?|Banawali|Konark|Ellora|Mamallapuram|Banawali is a Harappan archaeological site in Haryana; the other places are known for later monuments.
haryana-history-rakhigarhi/History|Thanesar is closely associated with which early medieval ruler?|Harshavardhana|Alauddin Khalji|Shah Jahan|Ranjit Singh|Thanesar was an important centre associated with Harshavardhana before his later association with Kannauj.
haryana-history-rakhigarhi/History|Who wrote the Harshacharita?|Banabhatta|Kalidasa|Megasthenes|Al-Biruni|Banabhatta composed the Harshacharita. A court biography should be interpreted with attention to its context and purpose.
haryana-history-rakhigarhi/History|The First Battle of Panipat in 1526 was fought between whom?|Babur and Ibrahim Lodi|Akbar and Hemu|Marathas and Ahmad Shah Abdali|Prithviraj and Muhammad Ghori|The 1526 battle defeated Ibrahim Lodi and helped establish Mughal rule. Do not confuse the three major Panipat battles.
haryana-history-rakhigarhi/History|The Second Battle of Panipat in 1556 involved the Mughal forces and whom?|Hemu|Ibrahim Lodi|Ahmad Shah Abdali|Maharana Pratap|Hemu faced the Mughal forces during Akbar's early reign. The battle is distinct from Haldighati in 1576.
haryana-history-rakhigarhi/History|The Third Battle of Panipat took place in which year?|1761|1526|1556|1857|The third major battle was fought in 1761 between the Marathas and Ahmad Shah Abdali's forces.
haryana-history-rakhigarhi/State formation|Haryana became a separate state on which date?|1 November 1966|15 August 1947|26 January 1950|1 November 1956|Haryana was formed through the reorganization of Punjab in 1966. State formation dates are distinct from independence and Republic Day.
haryana-geography-rivers/Rivers|Which major river forms much of Haryana's eastern boundary with Uttar Pradesh?|Yamuna|Narmada|Godavari|Kaveri|The Yamuna is an important eastern boundary river. Trace rivers on a map rather than memorizing names without locations.
haryana-geography-rivers/Rivers|Which river in northern Haryana is mainly seasonal?|Ghaggar|Brahmaputra|Ganga|Godavari|The Ghaggar is a seasonal river system; its discharge differs from major perennial Himalayan rivers.
haryana-geography-rivers/Relief|Which hill system occurs in northeastern Haryana?|Shivalik|Nilgiri|Cardamom Hills|Eastern Ghats|The Shivalik foothills occur in the northeastern part of Haryana. Regional relief influences drainage and land use.
haryana-geography-rivers/Relief|Which ancient hill range extends into southern Haryana?|Aravalli|Himalayan Greater Range|Western Ghats|Patkai|The Aravalli range extends into southern Haryana and adjoining Rajasthan and Delhi.
haryana-geography-rivers/Agriculture|What is a major risk of sustained groundwater extraction exceeding recharge?|A falling groundwater table|Guaranteed unlimited water|Immediate creation of glaciers|Permanent elimination of drought|Extraction above recharge depletes groundwater. Rainfall, recharge, cropping and irrigation choices affect the balance.
haryana-geography-rivers/Agriculture|Why is a state's total annual rainfall insufficient to judge irrigation needs?|Seasonal distribution and crop water needs also matter|All crops require exactly the same water|Soil has no effect|Rain always falls uniformly|Timing, reliability, soil moisture and crop requirements matter as well as total rainfall.
haryana-geography-rivers/Climate|Which practice can reduce soil erosion on cultivated land?|Maintaining protective plant cover|Leaving every slope bare|Removing all field boundaries|Overgrazing the same land|Vegetation reduces raindrop impact and surface runoff; measures should fit local land conditions.
haryana-geography-rivers/Maps|On a conventional north-up map, which direction lies to the right?|East|West|North|South|Read the map's orientation first. With north at the top, east is on the right.
haryana-agri-husbandry/Crops|Wheat is mainly grown in which cropping season in northern India?|Rabi|Kharif|Only the monsoon harvest season|A season unrelated to temperature|Wheat is typically a rabi crop, sown in the cooler season and harvested in spring.
haryana-agri-husbandry/Crops|Rice is commonly associated with which cropping season in northern India?|Kharif|Rabi only|Only the coldest winter weeks|No seasonal pattern|Rice is commonly a kharif crop. Irrigation, varieties and local schedules can modify the calendar.
haryana-agri-husbandry/Institutions|Where is the National Dairy Research Institute located?|Karnal|Jaipur|Panaji|Shillong|NDRI is located in Karnal, Haryana; distinguish dairy research from general crop research institutions.
haryana-agri-husbandry/Institutions|Chaudhary Charan Singh Haryana Agricultural University is located in which city?|Hisar|Kochi|Agartala|Mysuru|CCS Haryana Agricultural University is in Hisar. Learn institutions together with their field of work.
haryana-agri-husbandry/Institutions|Where is the Central Institute for Research on Buffaloes located?|Hisar|Pune|Guwahati|Bhopal|CIRB is located in Hisar and works on buffalo research.
haryana-agri-husbandry/Livestock|Murrah is a breed of which animal?|Buffalo|Sheep|Goat|Horse|Murrah is a buffalo breed associated with dairy production. It is not a cattle breed.
haryana-agri-husbandry/Livestock|Hariana is a breed of which livestock group?|Cattle|Buffalo|Poultry|Camel|Hariana is a cattle breed; similar-sounding geographic and breed names should not be confused.
haryana-agri-husbandry/Agronomy|What is crop rotation?|Growing different crops in a planned sequence on the same land|Turning harvested grain physically|Growing only one crop indefinitely|Replacing soil every week|Rotation can change nutrient demands, pest cycles and soil cover; suitable sequences depend on local conditions.
delhi-historical-heritage/Early Delhi|Lal Kot is associated with which dynasty?|Tomaras|Cholas|Pandyas|Satavahanas|Lal Kot is associated with the Tomaras and early medieval Delhi; separate archaeological history from legendary narratives.
delhi-historical-heritage/Sultanate|Who began construction of the Qutb Minar?|Qutb-ud-din Aibak|Shah Jahan|Sher Shah Suri|Akbar|Aibak began the Qutb Minar; later rulers, including Iltutmish, added to it. A monument can have multiple construction phases.
delhi-historical-heritage/Sultanate|Siri is associated with which Delhi Sultan?|Alauddin Khalji|Ibrahim Lodi|Muhammad Shah|Bahadur Shah II|Siri was a fortified city associated with Alauddin Khalji.
delhi-historical-heritage/Sultanate|Tughlaqabad is associated with which ruler?|Ghiyasuddin Tughlaq|Babur|Shah Jahan|Razia Sultan|Ghiyasuddin Tughlaq founded Tughlaqabad. Distinguish the rulers within the Tughlaq dynasty.
delhi-historical-heritage/Mughal Delhi|Who founded Shahjahanabad?|Shah Jahan|Aurangzeb|Akbar|Humayun|Shahjahanabad was built under Shah Jahan and includes major Mughal monuments such as the Red Fort and Jama Masjid.
delhi-historical-heritage/Mughal Delhi|Which river lies near Delhi's Red Fort?|Yamuna|Narmada|Mahanadi|Tapi|The Red Fort stands near the Yamuna; historic settlement and defensive choices often reflect river geography.
delhi-historical-heritage/Capital|In which year was the transfer of the British Indian capital from Calcutta to Delhi announced?|1911|1857|1931|1947|The announcement was made at the Delhi Durbar in 1911. The inauguration of New Delhi occurred later, in 1931.
delhi-historical-heritage/Capital|In which year was New Delhi formally inaugurated?|1931|1911|1905|1950|New Delhi was inaugurated in 1931; distinguish this event from the 1911 announcement of the capital transfer.
delhi-historical-heritage/Architecture|Which architects are associated with planning imperial New Delhi?|Edwin Lutyens and Herbert Baker|Le Corbusier and Pierre Jeanneret|Frank Lloyd Wright and Louis Sullivan|Charles Correa and Laurie Baker|Lutyens and Herbert Baker were central to the design of imperial New Delhi; Le Corbusier is associated with Chandigarh.
delhi-historical-heritage/Civics|Which constitutional article gives special provisions for the National Capital Territory of Delhi?|Article 239AA|Article 32|Article 110|Article 368|Article 239AA provides the special constitutional arrangement for Delhi; current legal details require checking authoritative texts and judgments.
army-military-heritage/Ranks|Which Army rank corresponds broadly to Navy Lieutenant and Air Force Flight Lieutenant?|Captain|Colonel|Major General|Field Marshal|Captain, Lieutenant and Flight Lieutenant are equivalent commissioned-rank levels across the three services.
army-military-heritage/Ranks|Which Army rank corresponds broadly to Navy Lieutenant Commander and Air Force Squadron Leader?|Major|Lieutenant|Brigadier|General|Major, Lieutenant Commander and Squadron Leader are equivalent commissioned-rank levels.
army-military-heritage/Ranks|Which Army rank corresponds broadly to Navy Commander and Air Force Wing Commander?|Lieutenant Colonel|Captain|Major General|Lieutenant|Lieutenant Colonel, Commander and Wing Commander form the corresponding level.
army-military-heritage/Ranks|Which Army rank corresponds broadly to Navy Captain and Air Force Group Captain?|Colonel|Major|Lieutenant|Brigadier|Colonel, Captain and Group Captain are equivalent commissioned-rank levels; the word Captain denotes different levels in Army and Navy.
army-military-heritage/Honours|What is India's highest wartime gallantry award?|Param Vir Chakra|Ashoka Chakra|Kirti Chakra|Shaurya Chakra|The Param Vir Chakra is the highest wartime gallantry award; the Ashoka Chakra is the highest peacetime gallantry award.
army-military-heritage/Honours|What is India's highest peacetime gallantry award?|Ashoka Chakra|Vir Chakra|Maha Vir Chakra|Param Vir Chakra|The Ashoka Chakra recognizes exceptional gallantry outside the wartime award category.
army-military-heritage/Honours|Who was the first recipient of the Param Vir Chakra?|Major Somnath Sharma|Captain Vikram Batra|Field Marshal Sam Manekshaw|Marshal Arjan Singh|Major Somnath Sharma was the first recipient, for his gallantry during the 1947 conflict.
army-military-heritage/Operations|Operation Meghdoot is associated with which area?|Siachen|Goa|Hyderabad|Andaman Islands|Operation Meghdoot in 1984 is associated with the Siachen area.
army-military-heritage/Operations|Operation Polo in 1948 is associated with which former princely state?|Hyderabad|Junagadh|Mysore|Travancore|Operation Polo was the military action associated with the integration of Hyderabad in 1948.
army-military-heritage/Operations|Operation Vijay in 1961 is associated with which territory?|Goa|Siachen|Kargil|Hyderabad|Operation Vijay was used for the 1961 Goa operation and also for the 1999 Kargil operation; the year is essential.
army-military-heritage/Operations|Operation Vijay in 1999 is associated with which conflict?|Kargil|The 1961 Goa operation|Operation Polo|The First Anglo-Sikh War|The 1999 use of Operation Vijay refers to Kargil. An operation name alone can be ambiguous without its date.
army-military-heritage/Services|Which service principally conducts naval operations?|Indian Navy|Indian Army|Indian Air Force|Indian Coast Guard as the only naval service|The Navy is the naval branch of the armed forces; the Coast Guard has distinct maritime law-enforcement and safety roles.
