Chapter,Topic,ID,Notes,Summary,Key points,Flip cards,MCQs,In mock,PYQ,Resources,HI,PA,EN,Eligible pool,Below 50,Lesson self-label,Evidence status
History,History of Punjab & Sikh Gurus (Master Overview),punjab-history,Partial,Partial,Partial,Partial,Partial,Partial,Missing,Partial,Partial,Partial,Partial,138,False,unclassified,AI-GENERATED / needs human review; actual authorship unconfirmed
History,"Ancient & Medieval Punjab: Harappan Sites, Rigvedic Sapta Sindhu, Alexander, Sultanate, Mughals & Sufi Saints (B → I → A)",punjab-ancient-medieval,Partial,Partial,Partial,Partial,Partial,Partial,Missing,Partial,Partial,Partial,Partial,10,True,complete,AI-GENERATED / needs human review; actual authorship unconfirmed
History,"Sri Guru Nanak Dev Ji (1469–1539): Life, Four Udasis, Bani & Philosophy",guru-nanak-dev-ji,Partial,Partial,Partial,Partial,Partial,Partial,Missing,Partial,Partial,Partial,Partial,14,True,complete,AI-GENERATED / needs human review; actual authorship unconfirmed
History,"Guru Angad Dev Ji, Guru Amar Das Ji & Guru Ram Das Ji (1539–1581): Institutional Consolidation",guru-angad-amar-ram-das,Partial,Partial,Partial,Partial,Partial,Partial,Missing,Partial,Partial,Partial,Partial,14,True,complete,AI-GENERATED / needs human review; actual authorship unconfirmed
History,"Sri Guru Arjan Dev Ji (1563–1606): Harmandir Sahib, Adi Granth Compilation & Martyrdom",guru-arjan-dev-ji,Partial,Partial,Partial,Partial,Partial,Partial,Missing,Partial,Partial,Partial,Partial,14,True,complete,AI-GENERATED / needs human review; actual authorship unconfirmed
History,"Guru Hargobind Sahib Ji to Guru Tegh Bahadur Ji (1606–1675): Miri-Piri, Akal Takht & Hind di Chadar",guru-hargobind-to-tegh-bahadur,Partial,Partial,Partial,Partial,Partial,Partial,Missing,Partial,Partial,Partial,Partial,14,True,complete,AI-GENERATED / needs human review; actual authorship unconfirmed
History,"Sri Guru Gobind Singh Ji (1666–1708): Creation of Khalsa, Battles, Sahibzadas & Eternal Guruship",guru-gobind-singh-ji,Partial,Partial,Partial,Partial,Partial,Partial,Missing,Partial,Partial,Partial,Partial,14,True,complete,AI-GENERATED / needs human review; actual authorship unconfirmed
History,"Baba Banda Singh Bahadur, Dal Khalsa, Ghallugharas & The 12 Sikh Misls (1708–1799)",banda-singh-bahadur-misls,Partial,Partial,Partial,Partial,Partial,Partial,Missing,Partial,Partial,Partial,Partial,14,True,complete,AI-GENERATED / needs human review; actual authorship unconfirmed
History,"Maharaja Ranjit Singh (1780–1839), Sikh Empire Administration & The Anglo-Sikh Wars (1845–1849)",maharaja-ranjit-singh-empire,Partial,Partial,Partial,Partial,Partial,Partial,Missing,Partial,Partial,Partial,Partial,14,True,complete,AI-GENERATED / needs human review; actual authorship unconfirmed
History,"Punjab in the Freedom Struggle (1849–1947): Kuka, Singh Sabha, Ghadar, Akali Morchas & Bhagat Singh",punjab-freedom-movements,Partial,Partial,Partial,Partial,Partial,Partial,Missing,Partial,Partial,Partial,Partial,14,True,complete,AI-GENERATED / needs human review; actual authorship unconfirmed
History,"Partition of Punjab (1947), PEPSU (1948–56), Punjabi Suba Movement & Reorganisation Act (1966) (B → I → A)",punjab-partition-suba-modern,Partial,Partial,Partial,Partial,Partial,Partial,Missing,Partial,Partial,Partial,Partial,10,True,complete,AI-GENERATED / needs human review; actual authorship unconfirmed
History,"Punjab Culture & Heritage: Folk Dances, Fairs & Festivals, Ornaments, Phulkari & Sufi/Qissa Literature",punjab-culture-folklore,Partial,Partial,Partial,Partial,Partial,Partial,Missing,Partial,Partial,Partial,Partial,14,True,complete,AI-GENERATED / needs human review; actual authorship unconfirmed
History,Modern Indian History (1757-1947),modern-india,Partial,Partial,Partial,Partial,Partial,Partial,Missing,Partial,Partial,Partial,Partial,19,True,unclassified,AI-GENERATED / needs human review; actual authorship unconfirmed
History,Ancient India & Indus Valley Civilization,ancient-india,Partial,Partial,Partial,Partial,Partial,Partial,Missing,Partial,Partial,Partial,Partial,30,True,unclassified,AI-GENERATED / needs human review; actual authorship unconfirmed
History,Medieval India & Delhi Sultanate,medieval-india,Partial,Partial,Partial,Partial,Partial,Partial,Missing,Partial,Partial,Partial,Partial,25,True,complete,AI-GENERATED / needs human review; actual authorship unconfirmed
History,World History & Revolutions,world-history,Partial,Partial,Partial,Partial,Partial,Partial,Missing,Partial,Partial,Partial,Partial,62,False,complete,AI-GENERATED / needs human review; actual authorship unconfirmed
Civics / Political Science,"Constitution, Preamble & Fundamental Rights",fundamental-rights,Partial,Partial,Partial,Partial,Partial,Partial,Missing,Partial,Partial,Partial,Partial,40,True,unclassified,AI-GENERATED / needs human review; actual authorship unconfirmed
Civics / Political Science,Union Parliament & Executive,parliament,Partial,Partial,Partial,Partial,Partial,Partial,Missing,Partial,Partial,Partial,Partial,20,True,unclassified,AI-GENERATED / needs human review; actual authorship unconfirmed
Civics / Political Science,Judiciary: Supreme Court & High Courts,judiciary,Partial,Partial,Partial,Missing,Partial,Partial,Missing,Partial,Partial,Partial,Partial,11,True,complete,AI-GENERATED / needs human review; actual authorship unconfirmed
Civics / Political Science,Local Government: 73rd & 74th Amendments,local-govt,Partial,Partial,Partial,Missing,Partial,Partial,Missing,Partial,Partial,Partial,Partial,21,True,complete,AI-GENERATED / needs human review; actual authorship unconfirmed
Civics / Political Science,"Political Theory, Core Concepts & Ideologies (B → I → A)",sst-polity-concepts-theories,Partial,Partial,Partial,Partial,Partial,Partial,Missing,Partial,Partial,Partial,Partial,10,True,complete,AI-GENERATED / needs human review; actual authorship unconfirmed
Civics / Political Science,"Citizenship, Election Procedure & Party System in India (B → I → A)",sst-citizenship-election-parties,Partial,Partial,Partial,Partial,Partial,Partial,Missing,Partial,Partial,Partial,Partial,10,True,complete,AI-GENERATED / needs human review; actual authorship unconfirmed
Civics / Political Science,"State Government, Indian Federalism & Local Democracy in Punjab (B → I → A)",sst-state-govt-punjab-local,Partial,Partial,Partial,Partial,Partial,Partial,Missing,Partial,Partial,Partial,Partial,10,True,complete,AI-GENERATED / needs human review; actual authorship unconfirmed
Civics / Political Science,"India’s Foreign Policy, Regional Groupings & The United Nations (UNO) (B → I → A)",sst-foreign-policy-uno,Partial,Partial,Partial,Partial,Partial,Partial,Missing,Partial,Partial,Partial,Partial,10,True,complete,AI-GENERATED / needs human review; actual authorship unconfirmed
Geography,"Geography of Punjab: Relief, Rivers, Canals, Soils & Agro-Climatic Regions",punjab-geography,Partial,Partial,Partial,Partial,Partial,Partial,Missing,Partial,Partial,Partial,Partial,29,True,unclassified,AI-GENERATED / needs human review; actual authorship unconfirmed
Geography,"Geography of India: Physiography, Drainage, Monsoon, Soils, Agriculture, Minerals & Population",physical-geography,Partial,Partial,Partial,Partial,Partial,Partial,Missing,Partial,Partial,Partial,Partial,71,False,complete,AI-GENERATED / needs human review; actual authorship unconfirmed
Geography,"Physical Geography I: Solar System, Latitudes, Longitudes, Time Zones & Earth Motions",sst-geo-earth,Partial,Partial,Partial,Missing,Partial,Partial,Missing,Partial,Partial,Partial,Partial,10,True,unclassified,AI-GENERATED / needs human review; actual authorship unconfirmed
Geography,"Physical Geography II: Earth’s Interior, Rocks, Plate Tectonics, Earthquakes, Volcanoes & Landforms",sst-geo-tectonics,Partial,Partial,Partial,Missing,Partial,Partial,Missing,Partial,Partial,Partial,Partial,10,True,unclassified,AI-GENERATED / needs human review; actual authorship unconfirmed
Geography,"Physical Geography III: Atmosphere, Pressure Belts, Planetary/Local Winds, Cyclones & Koeppen Climate",sst-geo-atmosphere,Partial,Partial,Partial,Missing,Partial,Partial,Missing,Partial,Partial,Partial,Partial,10,True,unclassified,AI-GENERATED / needs human review; actual authorship unconfirmed
Geography,"Physical Geography IV: Hydrosphere, Ocean Relief, Salinity, Tides & Warm/Cold Ocean Currents",sst-geo-oceans,Partial,Partial,Partial,Missing,Partial,Partial,Missing,Partial,Partial,Partial,Partial,10,True,unclassified,AI-GENERATED / needs human review; actual authorship unconfirmed
Geography,"Resources, Environment, Biodiversity, Protected Areas & International Environmental Agreements",sst-geo-environment,Partial,Partial,Partial,Missing,Partial,Partial,Missing,Partial,Partial,Partial,Partial,10,True,unclassified,AI-GENERATED / needs human review; actual authorship unconfirmed
Economics (All 16 Official ERB Syllabus Headings),"Micro vs Macro, Types of Economies, Consumer Equilibrium & Price Elasticity of Demand (B → I → A)",sst-econ-micro-consumer-elasticity,Partial,Partial,Partial,Partial,Partial,Partial,Missing,Partial,Partial,Partial,Partial,10,True,complete,AI-GENERATED / needs human review; actual authorship unconfirmed
Economics (All 16 Official ERB Syllabus Headings),"Producer Behaviour (Production, Cost, Revenue, Supply), Market Forms & Price Determination (B → I → A)",sst-econ-producer-cost-market,Partial,Partial,Partial,Partial,Partial,Partial,Missing,Partial,Partial,Partial,Partial,10,True,complete,AI-GENERATED / needs human review; actual authorship unconfirmed
Economics (All 16 Official ERB Syllabus Headings),"National Income Aggregates (GDP, GNP, NDP, NNP), Keynesian Income Determination (AD–AS, MPC/MPS) & Multiplier (B → I → A)",sst-econ-keynesian-multiplier,Partial,Partial,Partial,Partial,Partial,Partial,Missing,Partial,Partial,Partial,Partial,10,True,complete,AI-GENERATED / needs human review; actual authorship unconfirmed
Economics (All 16 Official ERB Syllabus Headings),"Money & Banking, Govt Budget, BoT/BoP, Economic Planning & Economy of Punjab (B → I → A)",sst-econ-money-budget-bop-punjab,Partial,Partial,Partial,Partial,Partial,Partial,Missing,Partial,Partial,Partial,Partial,10,True,complete,AI-GENERATED / needs human review; actual authorship unconfirmed
Economics (All 16 Official ERB Syllabus Headings),"Indian Economy Synthesis: Sectors, Poverty, Unemployment, Inflation & Human Development",indian-economy,Partial,Partial,Partial,Partial,Partial,Partial,Missing,Partial,Partial,Partial,Partial,112,False,complete,AI-GENERATED / needs human review; actual authorship unconfirmed
Paper A Gurmukhi & Grammar,Compulsory Punjabi Paper A: Grammar & Gurmukhi,punjabi-paper-a,Partial,Partial,Partial,Partial,Partial,Partial,Missing,Partial,Partial,Partial,Partial,11,True,complete,AI-GENERATED / needs human review; actual authorship unconfirmed
