Subject,Unit,Topic,Candidate subtopic,Single-point concept,Notes,Summary,Key points,Flip cards,MCQs,In mock,PYQ,Resources,HI,PA,EN,Parent draft,Note
Punjabi,Punjabi,Folk literature,Folk songs and oral stories,MISSING,Missing,Missing,Missing,Missing,Missing,Missing,Missing,Missing,Missing,Missing,Missing,True,"Existing editorial label, not an official atomic concept. Missing means no explicit concept-to-content/question evidence mapping; parent prose may discuss it."
Punjabi,Punjabi,Folk literature,Forms and themes of folk literature,MISSING,Missing,Missing,Missing,Missing,Missing,Missing,Missing,Missing,Missing,Missing,Missing,True,"Existing editorial label, not an official atomic concept. Missing means no explicit concept-to-content/question evidence mapping; parent prose may discuss it."
Punjabi,Punjabi,Punjabi cultural traditions,Customs and festivals,MISSING,Missing,Missing,Missing,Missing,Missing,Missing,Missing,Missing,Missing,Missing,Missing,False,"Existing editorial label, not an official atomic concept. Missing means no explicit concept-to-content/question evidence mapping; parent prose may discuss it."
Punjabi,Punjabi,Punjabi cultural traditions,Traditional life and cultural vocabulary,MISSING,Missing,Missing,Missing,Missing,Missing,Missing,Missing,Missing,Missing,Missing,Missing,False,"Existing editorial label, not an official atomic concept. Missing means no explicit concept-to-content/question evidence mapping; parent prose may discuss it."
Punjabi,Punjabi,Idiomatic and proverbial usage,Meaning in context,MISSING,Missing,Missing,Missing,Missing,Missing,Missing,Missing,Missing,Missing,Missing,Missing,True,"Existing editorial label, not an official atomic concept. Missing means no explicit concept-to-content/question evidence mapping; parent prose may discuss it."
Punjabi,Punjabi,Idiomatic and proverbial usage,Appropriate use in a sentence,MISSING,Missing,Missing,Missing,Missing,Missing,Missing,Missing,Missing,Missing,Missing,Missing,True,"Existing editorial label, not an official atomic concept. Missing means no explicit concept-to-content/question evidence mapping; parent prose may discuss it."
Punjabi,Punjabi,Rendering English into Punjabi,Preserving meaning,MISSING,Missing,Missing,Missing,Missing,Missing,Missing,Missing,Missing,Missing,Missing,Missing,False,"Existing editorial label, not an official atomic concept. Missing means no explicit concept-to-content/question evidence mapping; parent prose may discuss it."
Punjabi,Punjabi,Rendering English into Punjabi,Word order and grammatical agreement,MISSING,Missing,Missing,Missing,Missing,Missing,Missing,Missing,Missing,Missing,Missing,Missing,False,"Existing editorial label, not an official atomic concept. Missing means no explicit concept-to-content/question evidence mapping; parent prose may discuss it."
Punjabi,Punjabi,Rewriting sentences,Changing sentence structure,MISSING,Missing,Missing,Missing,Missing,Missing,Missing,Missing,Missing,Missing,Missing,Missing,False,"Existing editorial label, not an official atomic concept. Missing means no explicit concept-to-content/question evidence mapping; parent prose may discuss it."
Punjabi,Punjabi,Rewriting sentences,Retaining the original meaning,MISSING,Missing,Missing,Missing,Missing,Missing,Missing,Missing,Missing,Missing,Missing,Missing,False,"Existing editorial label, not an official atomic concept. Missing means no explicit concept-to-content/question evidence mapping; parent prose may discuss it."
General Science,Motion,Motion,Distance and displacement,MISSING,Missing,Missing,Missing,Missing,Missing,Missing,Missing,Missing,Missing,Missing,Missing,True,"Existing editorial label, not an official atomic concept. Missing means no explicit concept-to-content/question evidence mapping; parent prose may discuss it."
General Science,Motion,Motion,Speed and velocity,MISSING,Missing,Missing,Missing,Missing,Missing,Missing,Missing,Missing,Missing,Missing,Missing,True,"Existing editorial label, not an official atomic concept. Missing means no explicit concept-to-content/question evidence mapping; parent prose may discuss it."
General Science,Motion,Motion,Acceleration,MISSING,Missing,Missing,Missing,Missing,Missing,Missing,Missing,Missing,Missing,Missing,Missing,True,"Existing editorial label, not an official atomic concept. Missing means no explicit concept-to-content/question evidence mapping; parent prose may discuss it."
General Science,Motion,Motion,Distance–time and velocity–time graphs,MISSING,Missing,Missing,Missing,Missing,Missing,Missing,Missing,Missing,Missing,Missing,Missing,True,"Existing editorial label, not an official atomic concept. Missing means no explicit concept-to-content/question evidence mapping; parent prose may discuss it."
General Science,Force and laws of motion,Force and laws of motion,Inertia,MISSING,Missing,Missing,Missing,Missing,Missing,Missing,Missing,Missing,Missing,Missing,Missing,False,"Existing editorial label, not an official atomic concept. Missing means no explicit concept-to-content/question evidence mapping; parent prose may discuss it."
General Science,Force and laws of motion,Force and laws of motion,Newton’s laws,MISSING,Missing,Missing,Missing,Missing,Missing,Missing,Missing,Missing,Missing,Missing,Missing,False,"Existing editorial label, not an official atomic concept. Missing means no explicit concept-to-content/question evidence mapping; parent prose may discuss it."
General Science,Force and laws of motion,Force and laws of motion,Momentum,MISSING,Missing,Missing,Missing,Missing,Missing,Missing,Missing,Missing,Missing,Missing,Missing,False,"Existing editorial label, not an official atomic concept. Missing means no explicit concept-to-content/question evidence mapping; parent prose may discuss it."
General Science,Force and laws of motion,Force and laws of motion,Conservation of momentum,MISSING,Missing,Missing,Missing,Missing,Missing,Missing,Missing,Missing,Missing,Missing,Missing,False,"Existing editorial label, not an official atomic concept. Missing means no explicit concept-to-content/question evidence mapping; parent prose may discuss it."
General Science,Gravitation,Gravitation,Universal gravitation,MISSING,Missing,Missing,Missing,Missing,Missing,Missing,Missing,Missing,Missing,Missing,Missing,False,"Existing editorial label, not an official atomic concept. Missing means no explicit concept-to-content/question evidence mapping; parent prose may discuss it."
General Science,Gravitation,Gravitation,Free fall,MISSING,Missing,Missing,Missing,Missing,Missing,Missing,Missing,Missing,Missing,Missing,Missing,False,"Existing editorial label, not an official atomic concept. Missing means no explicit concept-to-content/question evidence mapping; parent prose may discuss it."
General Science,Gravitation,Gravitation,Mass and weight,MISSING,Missing,Missing,Missing,Missing,Missing,Missing,Missing,Missing,Missing,Missing,Missing,False,"Existing editorial label, not an official atomic concept. Missing means no explicit concept-to-content/question evidence mapping; parent prose may discuss it."
General Science,Gravitation,Gravitation,Buoyancy and Archimedes’ principle,MISSING,Missing,Missing,Missing,Missing,Missing,Missing,Missing,Missing,Missing,Missing,Missing,False,"Existing editorial label, not an official atomic concept. Missing means no explicit concept-to-content/question evidence mapping; parent prose may discuss it."
General Science,Work and energy,Work and energy,Work done by a force,MISSING,Missing,Missing,Missing,Missing,Missing,Missing,Missing,Missing,Missing,Missing,Missing,False,"Existing editorial label, not an official atomic concept. Missing means no explicit concept-to-content/question evidence mapping; parent prose may discuss it."
General Science,Work and energy,Work and energy,Kinetic and potential energy,MISSING,Missing,Missing,Missing,Missing,Missing,Missing,Missing,Missing,Missing,Missing,Missing,False,"Existing editorial label, not an official atomic concept. Missing means no explicit concept-to-content/question evidence mapping; parent prose may discuss it."
General Science,Work and energy,Work and energy,Conservation of energy,MISSING,Missing,Missing,Missing,Missing,Missing,Missing,Missing,Missing,Missing,Missing,Missing,False,"Existing editorial label, not an official atomic concept. Missing means no explicit concept-to-content/question evidence mapping; parent prose may discuss it."
General Science,Work and energy,Work and energy,Power and units,MISSING,Missing,Missing,Missing,Missing,Missing,Missing,Missing,Missing,Missing,Missing,Missing,False,"Existing editorial label, not an official atomic concept. Missing means no explicit concept-to-content/question evidence mapping; parent prose may discuss it."
General Science,Sound,Sound,Wave propagation,MISSING,Missing,Missing,Missing,Missing,Missing,Missing,Missing,Missing,Missing,Missing,Missing,False,"Existing editorial label, not an official atomic concept. Missing means no explicit concept-to-content/question evidence mapping; parent prose may discuss it."
General Science,Sound,Sound,Frequency and pitch,MISSING,Missing,Missing,Missing,Missing,Missing,Missing,Missing,Missing,Missing,Missing,Missing,False,"Existing editorial label, not an official atomic concept. Missing means no explicit concept-to-content/question evidence mapping; parent prose may discuss it."
General Science,Sound,Sound,Amplitude and loudness,MISSING,Missing,Missing,Missing,Missing,Missing,Missing,Missing,Missing,Missing,Missing,Missing,False,"Existing editorial label, not an official atomic concept. Missing means no explicit concept-to-content/question evidence mapping; parent prose may discuss it."
General Science,Sound,Sound,Echo and ultrasound,MISSING,Missing,Missing,Missing,Missing,Missing,Missing,Missing,Missing,Missing,Missing,Missing,False,"Existing editorial label, not an official atomic concept. Missing means no explicit concept-to-content/question evidence mapping; parent prose may discuss it."
General Science,Light reflection and refraction,Reflection and plane mirrors,MISSING — atomic concept breakdown not defined,MISSING,Missing,Missing,Missing,Missing,Missing,Missing,Missing,Missing,Missing,Missing,Missing,True,"Existing editorial label, not an official atomic concept. Missing means no explicit concept-to-content/question evidence mapping; parent prose may discuss it."
General Science,Light reflection and refraction,Spherical mirrors and ray diagrams,MISSING — atomic concept breakdown not defined,MISSING,Missing,Missing,Missing,Missing,Missing,Missing,Missing,Missing,Missing,Missing,Missing,False,"Existing editorial label, not an official atomic concept. Missing means no explicit concept-to-content/question evidence mapping; parent prose may discuss it."
General Science,Light reflection and refraction,Mirror formula and sign convention,MISSING — atomic concept breakdown not defined,MISSING,Missing,Missing,Missing,Missing,Missing,Missing,Missing,Missing,Missing,Missing,Missing,False,"Existing editorial label, not an official atomic concept. Missing means no explicit concept-to-content/question evidence mapping; parent prose may discuss it."
General Science,Light reflection and refraction,Refraction and refractive index,MISSING — atomic concept breakdown not defined,MISSING,Missing,Missing,Missing,Missing,Missing,Missing,Missing,Missing,Missing,Missing,Missing,False,"Existing editorial label, not an official atomic concept. Missing means no explicit concept-to-content/question evidence mapping; parent prose may discuss it."
General Science,Light reflection and refraction,"Lenses, lens formula and power",MISSING — atomic concept breakdown not defined,MISSING,Missing,Missing,Missing,Missing,Missing,Missing,Missing,Missing,Missing,Missing,Missing,False,"Existing editorial label, not an official atomic concept. Missing means no explicit concept-to-content/question evidence mapping; parent prose may discuss it."
General Science,Electricity,Electricity,Current and potential difference,MISSING,Missing,Missing,Missing,Missing,Missing,Missing,Missing,Missing,Missing,Missing,Missing,False,"Existing editorial label, not an official atomic concept. Missing means no explicit concept-to-content/question evidence mapping; parent prose may discuss it."
General Science,Electricity,Electricity,Ohm’s law and resistance,MISSING,Missing,Missing,Missing,Missing,Missing,Missing,Missing,Missing,Missing,Missing,Missing,False,"Existing editorial label, not an official atomic concept. Missing means no explicit concept-to-content/question evidence mapping; parent prose may discuss it."
General Science,Electricity,Electricity,Series and parallel circuits,MISSING,Missing,Missing,Missing,Missing,Missing,Missing,Missing,Missing,Missing,Missing,Missing,False,"Existing editorial label, not an official atomic concept. Missing means no explicit concept-to-content/question evidence mapping; parent prose may discuss it."
General Science,Electricity,Electricity,Heating effect and electric power,MISSING,Missing,Missing,Missing,Missing,Missing,Missing,Missing,Missing,Missing,Missing,Missing,False,"Existing editorial label, not an official atomic concept. Missing means no explicit concept-to-content/question evidence mapping; parent prose may discuss it."
General Science,Magnetism,Magnetism,Magnetic field lines,MISSING,Missing,Missing,Missing,Missing,Missing,Missing,Missing,Missing,Missing,Missing,Missing,False,"Existing editorial label, not an official atomic concept. Missing means no explicit concept-to-content/question evidence mapping; parent prose may discuss it."
General Science,Magnetism,Magnetism,Field of a current-carrying conductor,MISSING,Missing,Missing,Missing,Missing,Missing,Missing,Missing,Missing,Missing,Missing,Missing,False,"Existing editorial label, not an official atomic concept. Missing means no explicit concept-to-content/question evidence mapping; parent prose may discuss it."
General Science,Magnetism,Magnetism,Force on a conductor,MISSING,Missing,Missing,Missing,Missing,Missing,Missing,Missing,Missing,Missing,Missing,Missing,False,"Existing editorial label, not an official atomic concept. Missing means no explicit concept-to-content/question evidence mapping; parent prose may discuss it."
General Science,Magnetism,Magnetism,Domestic circuits and safety,MISSING,Missing,Missing,Missing,Missing,Missing,Missing,Missing,Missing,Missing,Missing,Missing,False,"Existing editorial label, not an official atomic concept. Missing means no explicit concept-to-content/question evidence mapping; parent prose may discuss it."
General Science,Sources of energy,Sources of energy,Conventional sources,MISSING,Missing,Missing,Missing,Missing,Missing,Missing,Missing,Missing,Missing,Missing,Missing,False,"Existing editorial label, not an official atomic concept. Missing means no explicit concept-to-content/question evidence mapping; parent prose may discuss it."
General Science,Sources of energy,Sources of energy,Solar and wind energy,MISSING,Missing,Missing,Missing,Missing,Missing,Missing,Missing,Missing,Missing,Missing,Missing,False,"Existing editorial label, not an official atomic concept. Missing means no explicit concept-to-content/question evidence mapping; parent prose may discuss it."
General Science,Sources of energy,Sources of energy,Biomass and hydroelectricity,MISSING,Missing,Missing,Missing,Missing,Missing,Missing,Missing,Missing,Missing,Missing,Missing,False,"Existing editorial label, not an official atomic concept. Missing means no explicit concept-to-content/question evidence mapping; parent prose may discuss it."
General Science,Sources of energy,Sources of energy,Environmental trade-offs,MISSING,Missing,Missing,Missing,Missing,Missing,Missing,Missing,Missing,Missing,Missing,Missing,False,"Existing editorial label, not an official atomic concept. Missing means no explicit concept-to-content/question evidence mapping; parent prose may discuss it."
General Science,Matter in our surroundings,Matter in our surroundings,Particle model,MISSING,Missing,Missing,Missing,Missing,Missing,Missing,Missing,Missing,Missing,Missing,Missing,False,"Existing editorial label, not an official atomic concept. Missing means no explicit concept-to-content/question evidence mapping; parent prose may discuss it."
General Science,Matter in our surroundings,Matter in our surroundings,States of matter,MISSING,Missing,Missing,Missing,Missing,Missing,Missing,Missing,Missing,Missing,Missing,Missing,False,"Existing editorial label, not an official atomic concept. Missing means no explicit concept-to-content/question evidence mapping; parent prose may discuss it."
General Science,Matter in our surroundings,Matter in our surroundings,Changes of state,MISSING,Missing,Missing,Missing,Missing,Missing,Missing,Missing,Missing,Missing,Missing,Missing,False,"Existing editorial label, not an official atomic concept. Missing means no explicit concept-to-content/question evidence mapping; parent prose may discuss it."
General Science,Matter in our surroundings,Matter in our surroundings,Evaporation,MISSING,Missing,Missing,Missing,Missing,Missing,Missing,Missing,Missing,Missing,Missing,Missing,False,"Existing editorial label, not an official atomic concept. Missing means no explicit concept-to-content/question evidence mapping; parent prose may discuss it."
General Science,Atoms and molecules,Atoms and molecules,Laws of chemical combination,MISSING,Missing,Missing,Missing,Missing,Missing,Missing,Missing,Missing,Missing,Missing,Missing,False,"Existing editorial label, not an official atomic concept. Missing means no explicit concept-to-content/question evidence mapping; parent prose may discuss it."
General Science,Atoms and molecules,Atoms and molecules,Atoms and molecules,MISSING,Missing,Missing,Missing,Missing,Missing,Missing,Missing,Missing,Missing,Missing,Missing,False,"Existing editorial label, not an official atomic concept. Missing means no explicit concept-to-content/question evidence mapping; parent prose may discuss it."
General Science,Atoms and molecules,Atoms and molecules,Valency and formulae,MISSING,Missing,Missing,Missing,Missing,Missing,Missing,Missing,Missing,Missing,Missing,Missing,False,"Existing editorial label, not an official atomic concept. Missing means no explicit concept-to-content/question evidence mapping; parent prose may discuss it."
General Science,Atoms and molecules,Atoms and molecules,Atomic and molecular mass,MISSING,Missing,Missing,Missing,Missing,Missing,Missing,Missing,Missing,Missing,Missing,Missing,False,"Existing editorial label, not an official atomic concept. Missing means no explicit concept-to-content/question evidence mapping; parent prose may discuss it."
General Science,Chemical reactions and equations,Chemical reactions and equations,Balancing equations,MISSING,Missing,Missing,Missing,Missing,Missing,Missing,Missing,Missing,Missing,Missing,Missing,False,"Existing editorial label, not an official atomic concept. Missing means no explicit concept-to-content/question evidence mapping; parent prose may discuss it."
General Science,Chemical reactions and equations,Chemical reactions and equations,Reaction types,MISSING,Missing,Missing,Missing,Missing,Missing,Missing,Missing,Missing,Missing,Missing,Missing,False,"Existing editorial label, not an official atomic concept. Missing means no explicit concept-to-content/question evidence mapping; parent prose may discuss it."
General Science,Chemical reactions and equations,Chemical reactions and equations,Oxidation and reduction,MISSING,Missing,Missing,Missing,Missing,Missing,Missing,Missing,Missing,Missing,Missing,Missing,False,"Existing editorial label, not an official atomic concept. Missing means no explicit concept-to-content/question evidence mapping; parent prose may discuss it."
General Science,Chemical reactions and equations,Chemical reactions and equations,Corrosion and rancidity,MISSING,Missing,Missing,Missing,Missing,Missing,Missing,Missing,Missing,Missing,Missing,Missing,False,"Existing editorial label, not an official atomic concept. Missing means no explicit concept-to-content/question evidence mapping; parent prose may discuss it."
General Science,"Acids, bases and salts","Acids, bases and salts",Indicators,MISSING,Missing,Missing,Missing,Missing,Missing,Missing,Missing,Missing,Missing,Missing,Missing,True,"Existing editorial label, not an official atomic concept. Missing means no explicit concept-to-content/question evidence mapping; parent prose may discuss it."
General Science,"Acids, bases and salts","Acids, bases and salts",pH,MISSING,Missing,Missing,Missing,Missing,Missing,Missing,Missing,Missing,Missing,Missing,Missing,True,"Existing editorial label, not an official atomic concept. Missing means no explicit concept-to-content/question evidence mapping; parent prose may discuss it."
General Science,"Acids, bases and salts","Acids, bases and salts",Neutralisation,MISSING,Missing,Missing,Missing,Missing,Missing,Missing,Missing,Missing,Missing,Missing,Missing,True,"Existing editorial label, not an official atomic concept. Missing means no explicit concept-to-content/question evidence mapping; parent prose may discuss it."
General Science,"Acids, bases and salts","Acids, bases and salts",Common salts and uses,MISSING,Missing,Missing,Missing,Missing,Missing,Missing,Missing,Missing,Missing,Missing,Missing,True,"Existing editorial label, not an official atomic concept. Missing means no explicit concept-to-content/question evidence mapping; parent prose may discuss it."
General Science,Metals and non-metals,Metals and non-metals,Physical and chemical properties,MISSING,Missing,Missing,Missing,Missing,Missing,Missing,Missing,Missing,Missing,Missing,Missing,False,"Existing editorial label, not an official atomic concept. Missing means no explicit concept-to-content/question evidence mapping; parent prose may discuss it."
General Science,Metals and non-metals,Metals and non-metals,Reactivity series,MISSING,Missing,Missing,Missing,Missing,Missing,Missing,Missing,Missing,Missing,Missing,Missing,False,"Existing editorial label, not an official atomic concept. Missing means no explicit concept-to-content/question evidence mapping; parent prose may discuss it."
General Science,Metals and non-metals,Metals and non-metals,Ionic compounds,MISSING,Missing,Missing,Missing,Missing,Missing,Missing,Missing,Missing,Missing,Missing,Missing,False,"Existing editorial label, not an official atomic concept. Missing means no explicit concept-to-content/question evidence mapping; parent prose may discuss it."
General Science,Metals and non-metals,Metals and non-metals,Extraction and corrosion,MISSING,Missing,Missing,Missing,Missing,Missing,Missing,Missing,Missing,Missing,Missing,Missing,False,"Existing editorial label, not an official atomic concept. Missing means no explicit concept-to-content/question evidence mapping; parent prose may discuss it."
General Science,Carbon and its compounds,Carbon and its compounds,Covalent bonding,MISSING,Missing,Missing,Missing,Missing,Missing,Missing,Missing,Missing,Missing,Missing,Missing,False,"Existing editorial label, not an official atomic concept. Missing means no explicit concept-to-content/question evidence mapping; parent prose may discuss it."
General Science,Carbon and its compounds,Carbon and its compounds,Hydrocarbons and homologous series,MISSING,Missing,Missing,Missing,Missing,Missing,Missing,Missing,Missing,Missing,Missing,Missing,False,"Existing editorial label, not an official atomic concept. Missing means no explicit concept-to-content/question evidence mapping; parent prose may discuss it."
General Science,Carbon and its compounds,Carbon and its compounds,Functional groups,MISSING,Missing,Missing,Missing,Missing,Missing,Missing,Missing,Missing,Missing,Missing,Missing,False,"Existing editorial label, not an official atomic concept. Missing means no explicit concept-to-content/question evidence mapping; parent prose may discuss it."
General Science,Carbon and its compounds,Carbon and its compounds,"Ethanol, ethanoic acid and soaps",MISSING,Missing,Missing,Missing,Missing,Missing,Missing,Missing,Missing,Missing,Missing,Missing,False,"Existing editorial label, not an official atomic concept. Missing means no explicit concept-to-content/question evidence mapping; parent prose may discuss it."
General Science,The fundamental unit of life,The fundamental unit of life,Cell membrane and transport,MISSING,Missing,Missing,Missing,Missing,Missing,Missing,Missing,Missing,Missing,Missing,Missing,False,"Existing editorial label, not an official atomic concept. Missing means no explicit concept-to-content/question evidence mapping; parent prose may discuss it."
General Science,The fundamental unit of life,The fundamental unit of life,Nucleus,MISSING,Missing,Missing,Missing,Missing,Missing,Missing,Missing,Missing,Missing,Missing,Missing,False,"Existing editorial label, not an official atomic concept. Missing means no explicit concept-to-content/question evidence mapping; parent prose may discuss it."
General Science,The fundamental unit of life,The fundamental unit of life,Cell organelles,MISSING,Missing,Missing,Missing,Missing,Missing,Missing,Missing,Missing,Missing,Missing,Missing,False,"Existing editorial label, not an official atomic concept. Missing means no explicit concept-to-content/question evidence mapping; parent prose may discuss it."
General Science,The fundamental unit of life,The fundamental unit of life,Plant and animal cells,MISSING,Missing,Missing,Missing,Missing,Missing,Missing,Missing,Missing,Missing,Missing,Missing,False,"Existing editorial label, not an official atomic concept. Missing means no explicit concept-to-content/question evidence mapping; parent prose may discuss it."
General Science,Tissues,Tissues,Plant tissues,MISSING,Missing,Missing,Missing,Missing,Missing,Missing,Missing,Missing,Missing,Missing,Missing,False,"Existing editorial label, not an official atomic concept. Missing means no explicit concept-to-content/question evidence mapping; parent prose may discuss it."
General Science,Tissues,Tissues,Epithelial tissue,MISSING,Missing,Missing,Missing,Missing,Missing,Missing,Missing,Missing,Missing,Missing,Missing,False,"Existing editorial label, not an official atomic concept. Missing means no explicit concept-to-content/question evidence mapping; parent prose may discuss it."
General Science,Tissues,Tissues,Connective tissue,MISSING,Missing,Missing,Missing,Missing,Missing,Missing,Missing,Missing,Missing,Missing,Missing,False,"Existing editorial label, not an official atomic concept. Missing means no explicit concept-to-content/question evidence mapping; parent prose may discuss it."
General Science,Tissues,Tissues,Muscular and nervous tissue,MISSING,Missing,Missing,Missing,Missing,Missing,Missing,Missing,Missing,Missing,Missing,Missing,False,"Existing editorial label, not an official atomic concept. Missing means no explicit concept-to-content/question evidence mapping; parent prose may discuss it."
General Science,Diversity of living organisms,Diversity of living organisms,Classification principles,MISSING,Missing,Missing,Missing,Missing,Missing,Missing,Missing,Missing,Missing,Missing,Missing,False,"Existing editorial label, not an official atomic concept. Missing means no explicit concept-to-content/question evidence mapping; parent prose may discuss it."
General Science,Diversity of living organisms,Diversity of living organisms,Plant groups,MISSING,Missing,Missing,Missing,Missing,Missing,Missing,Missing,Missing,Missing,Missing,Missing,False,"Existing editorial label, not an official atomic concept. Missing means no explicit concept-to-content/question evidence mapping; parent prose may discuss it."
General Science,Diversity of living organisms,Diversity of living organisms,Animal groups,MISSING,Missing,Missing,Missing,Missing,Missing,Missing,Missing,Missing,Missing,Missing,Missing,False,"Existing editorial label, not an official atomic concept. Missing means no explicit concept-to-content/question evidence mapping; parent prose may discuss it."
General Science,Diversity of living organisms,Diversity of living organisms,Scientific naming,MISSING,Missing,Missing,Missing,Missing,Missing,Missing,Missing,Missing,Missing,Missing,Missing,False,"Existing editorial label, not an official atomic concept. Missing means no explicit concept-to-content/question evidence mapping; parent prose may discuss it."
General Science,Why do we fall ill?,Why do we fall ill?,Health and disease,MISSING,Missing,Missing,Missing,Missing,Missing,Missing,Missing,Missing,Missing,Missing,Missing,False,"Existing editorial label, not an official atomic concept. Missing means no explicit concept-to-content/question evidence mapping; parent prose may discuss it."
General Science,Why do we fall ill?,Why do we fall ill?,Infectious and non-infectious disease,MISSING,Missing,Missing,Missing,Missing,Missing,Missing,Missing,Missing,Missing,Missing,Missing,False,"Existing editorial label, not an official atomic concept. Missing means no explicit concept-to-content/question evidence mapping; parent prose may discuss it."
General Science,Why do we fall ill?,Why do we fall ill?,Transmission,MISSING,Missing,Missing,Missing,Missing,Missing,Missing,Missing,Missing,Missing,Missing,Missing,False,"Existing editorial label, not an official atomic concept. Missing means no explicit concept-to-content/question evidence mapping; parent prose may discuss it."
General Science,Why do we fall ill?,Why do we fall ill?,Prevention and treatment,MISSING,Missing,Missing,Missing,Missing,Missing,Missing,Missing,Missing,Missing,Missing,Missing,False,"Existing editorial label, not an official atomic concept. Missing means no explicit concept-to-content/question evidence mapping; parent prose may discuss it."
General Science,Natural resources,Natural resources,Air and water,MISSING,Missing,Missing,Missing,Missing,Missing,Missing,Missing,Missing,Missing,Missing,Missing,False,"Existing editorial label, not an official atomic concept. Missing means no explicit concept-to-content/question evidence mapping; parent prose may discuss it."
General Science,Natural resources,Natural resources,Soil,MISSING,Missing,Missing,Missing,Missing,Missing,Missing,Missing,Missing,Missing,Missing,Missing,False,"Existing editorial label, not an official atomic concept. Missing means no explicit concept-to-content/question evidence mapping; parent prose may discuss it."
General Science,Natural resources,Natural resources,Biogeochemical cycles,MISSING,Missing,Missing,Missing,Missing,Missing,Missing,Missing,Missing,Missing,Missing,Missing,False,"Existing editorial label, not an official atomic concept. Missing means no explicit concept-to-content/question evidence mapping; parent prose may discuss it."
General Science,Natural resources,Natural resources,Pollution,MISSING,Missing,Missing,Missing,Missing,Missing,Missing,Missing,Missing,Missing,Missing,Missing,False,"Existing editorial label, not an official atomic concept. Missing means no explicit concept-to-content/question evidence mapping; parent prose may discuss it."
General Science,Improvement in food resources,Improvement in food resources,Crop variety improvement,MISSING,Missing,Missing,Missing,Missing,Missing,Missing,Missing,Missing,Missing,Missing,Missing,False,"Existing editorial label, not an official atomic concept. Missing means no explicit concept-to-content/question evidence mapping; parent prose may discuss it."
General Science,Improvement in food resources,Improvement in food resources,Crop production and protection,MISSING,Missing,Missing,Missing,Missing,Missing,Missing,Missing,Missing,Missing,Missing,Missing,False,"Existing editorial label, not an official atomic concept. Missing means no explicit concept-to-content/question evidence mapping; parent prose may discuss it."
General Science,Improvement in food resources,Improvement in food resources,Animal husbandry,MISSING,Missing,Missing,Missing,Missing,Missing,Missing,Missing,Missing,Missing,Missing,Missing,False,"Existing editorial label, not an official atomic concept. Missing means no explicit concept-to-content/question evidence mapping; parent prose may discuss it."
General Science,Improvement in food resources,Improvement in food resources,Fisheries and beekeeping,MISSING,Missing,Missing,Missing,Missing,Missing,Missing,Missing,Missing,Missing,Missing,Missing,False,"Existing editorial label, not an official atomic concept. Missing means no explicit concept-to-content/question evidence mapping; parent prose may discuss it."
General Science,Life processes,Life processes,Nutrition,MISSING,Missing,Missing,Missing,Missing,Missing,Missing,Missing,Missing,Missing,Missing,Missing,False,"Existing editorial label, not an official atomic concept. Missing means no explicit concept-to-content/question evidence mapping; parent prose may discuss it."
General Science,Life processes,Life processes,Respiration,MISSING,Missing,Missing,Missing,Missing,Missing,Missing,Missing,Missing,Missing,Missing,Missing,False,"Existing editorial label, not an official atomic concept. Missing means no explicit concept-to-content/question evidence mapping; parent prose may discuss it."
General Science,Life processes,Life processes,Transportation,MISSING,Missing,Missing,Missing,Missing,Missing,Missing,Missing,Missing,Missing,Missing,Missing,False,"Existing editorial label, not an official atomic concept. Missing means no explicit concept-to-content/question evidence mapping; parent prose may discuss it."
General Science,Life processes,Life processes,Excretion,MISSING,Missing,Missing,Missing,Missing,Missing,Missing,Missing,Missing,Missing,Missing,Missing,False,"Existing editorial label, not an official atomic concept. Missing means no explicit concept-to-content/question evidence mapping; parent prose may discuss it."
General Science,Control and coordination,Control and coordination,Nervous system,MISSING,Missing,Missing,Missing,Missing,Missing,Missing,Missing,Missing,Missing,Missing,Missing,False,"Existing editorial label, not an official atomic concept. Missing means no explicit concept-to-content/question evidence mapping; parent prose may discuss it."
General Science,Control and coordination,Control and coordination,Reflex action,MISSING,Missing,Missing,Missing,Missing,Missing,Missing,Missing,Missing,Missing,Missing,Missing,False,"Existing editorial label, not an official atomic concept. Missing means no explicit concept-to-content/question evidence mapping; parent prose may discuss it."
General Science,Control and coordination,Control and coordination,Plant responses,MISSING,Missing,Missing,Missing,Missing,Missing,Missing,Missing,Missing,Missing,Missing,Missing,False,"Existing editorial label, not an official atomic concept. Missing means no explicit concept-to-content/question evidence mapping; parent prose may discuss it."
General Science,Control and coordination,Control and coordination,Hormones,MISSING,Missing,Missing,Missing,Missing,Missing,Missing,Missing,Missing,Missing,Missing,Missing,False,"Existing editorial label, not an official atomic concept. Missing means no explicit concept-to-content/question evidence mapping; parent prose may discuss it."
General Science,Reproduction in organisms,Reproduction in organisms,Asexual reproduction,MISSING,Missing,Missing,Missing,Missing,Missing,Missing,Missing,Missing,Missing,Missing,Missing,False,"Existing editorial label, not an official atomic concept. Missing means no explicit concept-to-content/question evidence mapping; parent prose may discuss it."
General Science,Reproduction in organisms,Reproduction in organisms,Sexual reproduction in plants,MISSING,Missing,Missing,Missing,Missing,Missing,Missing,Missing,Missing,Missing,Missing,Missing,False,"Existing editorial label, not an official atomic concept. Missing means no explicit concept-to-content/question evidence mapping; parent prose may discuss it."
General Science,Reproduction in organisms,Reproduction in organisms,Human reproduction,MISSING,Missing,Missing,Missing,Missing,Missing,Missing,Missing,Missing,Missing,Missing,Missing,False,"Existing editorial label, not an official atomic concept. Missing means no explicit concept-to-content/question evidence mapping; parent prose may discuss it."
General Science,Reproduction in organisms,Reproduction in organisms,Reproductive health,MISSING,Missing,Missing,Missing,Missing,Missing,Missing,Missing,Missing,Missing,Missing,Missing,False,"Existing editorial label, not an official atomic concept. Missing means no explicit concept-to-content/question evidence mapping; parent prose may discuss it."
General Science,Heredity and evolution,Heredity and evolution,Inherited variation,MISSING,Missing,Missing,Missing,Missing,Missing,Missing,Missing,Missing,Missing,Missing,Missing,False,"Existing editorial label, not an official atomic concept. Missing means no explicit concept-to-content/question evidence mapping; parent prose may discuss it."
General Science,Heredity and evolution,Heredity and evolution,Mendelian inheritance,MISSING,Missing,Missing,Missing,Missing,Missing,Missing,Missing,Missing,Missing,Missing,Missing,False,"Existing editorial label, not an official atomic concept. Missing means no explicit concept-to-content/question evidence mapping; parent prose may discuss it."
General Science,Heredity and evolution,Heredity and evolution,Sex determination,MISSING,Missing,Missing,Missing,Missing,Missing,Missing,Missing,Missing,Missing,Missing,Missing,False,"Existing editorial label, not an official atomic concept. Missing means no explicit concept-to-content/question evidence mapping; parent prose may discuss it."
General Science,Heredity and evolution,Heredity and evolution,Evolution and speciation,MISSING,Missing,Missing,Missing,Missing,Missing,Missing,Missing,Missing,Missing,Missing,Missing,False,"Existing editorial label, not an official atomic concept. Missing means no explicit concept-to-content/question evidence mapping; parent prose may discuss it."
General Science,The human eye and colourful world,The human eye and colourful world,Eye and accommodation,MISSING,Missing,Missing,Missing,Missing,Missing,Missing,Missing,Missing,Missing,Missing,Missing,False,"Existing editorial label, not an official atomic concept. Missing means no explicit concept-to-content/question evidence mapping; parent prose may discuss it."
General Science,The human eye and colourful world,The human eye and colourful world,Vision defects,MISSING,Missing,Missing,Missing,Missing,Missing,Missing,Missing,Missing,Missing,Missing,Missing,False,"Existing editorial label, not an official atomic concept. Missing means no explicit concept-to-content/question evidence mapping; parent prose may discuss it."
General Science,The human eye and colourful world,The human eye and colourful world,Prism and dispersion,MISSING,Missing,Missing,Missing,Missing,Missing,Missing,Missing,Missing,Missing,Missing,Missing,False,"Existing editorial label, not an official atomic concept. Missing means no explicit concept-to-content/question evidence mapping; parent prose may discuss it."
General Science,The human eye and colourful world,The human eye and colourful world,Scattering of light,MISSING,Missing,Missing,Missing,Missing,Missing,Missing,Missing,Missing,Missing,Missing,Missing,False,"Existing editorial label, not an official atomic concept. Missing means no explicit concept-to-content/question evidence mapping; parent prose may discuss it."
Mathematics,Mathematics,Number systems and their properties,Rational and irrational numbers,MISSING,Missing,Missing,Missing,Missing,Missing,Missing,Missing,Missing,Missing,Missing,Missing,False,"Existing editorial label, not an official atomic concept. Missing means no explicit concept-to-content/question evidence mapping; parent prose may discuss it."
Mathematics,Mathematics,Number systems and their properties,Representation on a number line,MISSING,Missing,Missing,Missing,Missing,Missing,Missing,Missing,Missing,Missing,Missing,Missing,False,"Existing editorial label, not an official atomic concept. Missing means no explicit concept-to-content/question evidence mapping; parent prose may discuss it."
Mathematics,Mathematics,Working with real numbers,Divisibility and prime factorisation,MISSING,Missing,Missing,Missing,Missing,Missing,Missing,Missing,Missing,Missing,Missing,Missing,True,"Existing editorial label, not an official atomic concept. Missing means no explicit concept-to-content/question evidence mapping; parent prose may discuss it."
Mathematics,Mathematics,Working with real numbers,HCF and LCM,MISSING,Missing,Missing,Missing,Missing,Missing,Missing,Missing,Missing,Missing,Missing,Missing,True,"Existing editorial label, not an official atomic concept. Missing means no explicit concept-to-content/question evidence mapping; parent prose may discuss it."
Mathematics,Mathematics,Polynomial expressions,Degree and zeros,MISSING,Missing,Missing,Missing,Missing,Missing,Missing,Missing,Missing,Missing,Missing,Missing,False,"Existing editorial label, not an official atomic concept. Missing means no explicit concept-to-content/question evidence mapping; parent prose may discuss it."
Mathematics,Mathematics,Polynomial expressions,Factorisation and relationships with coefficients,MISSING,Missing,Missing,Missing,Missing,Missing,Missing,Missing,Missing,Missing,Missing,Missing,False,"Existing editorial label, not an official atomic concept. Missing means no explicit concept-to-content/question evidence mapping; parent prose may discuss it."
Mathematics,Mathematics,"Linear equations in two variables, including simultaneous pairs",Graphical solutions,MISSING,Missing,Missing,Missing,Missing,Missing,Missing,Missing,Missing,Missing,Missing,Missing,True,"Existing editorial label, not an official atomic concept. Missing means no explicit concept-to-content/question evidence mapping; parent prose may discuss it."
Mathematics,Mathematics,"Linear equations in two variables, including simultaneous pairs",Substitution and elimination,MISSING,Missing,Missing,Missing,Missing,Missing,Missing,Missing,Missing,Missing,Missing,Missing,True,"Existing editorial label, not an official atomic concept. Missing means no explicit concept-to-content/question evidence mapping; parent prose may discuss it."
Mathematics,Mathematics,Solving quadratic equations,Factorisation and quadratic formula,MISSING,Missing,Missing,Missing,Missing,Missing,Missing,Missing,Missing,Missing,Missing,Missing,False,"Existing editorial label, not an official atomic concept. Missing means no explicit concept-to-content/question evidence mapping; parent prose may discuss it."
Mathematics,Mathematics,Solving quadratic equations,Discriminant and nature of roots,MISSING,Missing,Missing,Missing,Missing,Missing,Missing,Missing,Missing,Missing,Missing,Missing,False,"Existing editorial label, not an official atomic concept. Missing means no explicit concept-to-content/question evidence mapping; parent prose may discuss it."
Mathematics,Mathematics,Arithmetic sequences,Common difference and nth term,MISSING,Missing,Missing,Missing,Missing,Missing,Missing,Missing,Missing,Missing,Missing,Missing,False,"Existing editorial label, not an official atomic concept. Missing means no explicit concept-to-content/question evidence mapping; parent prose may discuss it."
Mathematics,Mathematics,Arithmetic sequences,Sum of first n terms,MISSING,Missing,Missing,Missing,Missing,Missing,Missing,Missing,Missing,Missing,Missing,Missing,False,"Existing editorial label, not an official atomic concept. Missing means no explicit concept-to-content/question evidence mapping; parent prose may discuss it."
Mathematics,Mathematics,Euclidean geometry foundations,Definitions and axioms,MISSING,Missing,Missing,Missing,Missing,Missing,Missing,Missing,Missing,Missing,Missing,Missing,False,"Existing editorial label, not an official atomic concept. Missing means no explicit concept-to-content/question evidence mapping; parent prose may discuss it."
Mathematics,Mathematics,Euclidean geometry foundations,Reasoning from postulates,MISSING,Missing,Missing,Missing,Missing,Missing,Missing,Missing,Missing,Missing,Missing,Missing,False,"Existing editorial label, not an official atomic concept. Missing means no explicit concept-to-content/question evidence mapping; parent prose may discuss it."
Mathematics,Mathematics,Angles formed by lines,Parallel lines and transversals,MISSING,Missing,Missing,Missing,Missing,Missing,Missing,Missing,Missing,Missing,Missing,Missing,False,"Existing editorial label, not an official atomic concept. Missing means no explicit concept-to-content/question evidence mapping; parent prose may discuss it."
Mathematics,Mathematics,Angles formed by lines,Angle relationships,MISSING,Missing,Missing,Missing,Missing,Missing,Missing,Missing,Missing,Missing,Missing,Missing,False,"Existing editorial label, not an official atomic concept. Missing means no explicit concept-to-content/question evidence mapping; parent prose may discuss it."
Mathematics,Mathematics,"Properties of triangles, quadrilaterals and circles",Congruence and similarity,MISSING,Missing,Missing,Missing,Missing,Missing,Missing,Missing,Missing,Missing,Missing,Missing,False,"Existing editorial label, not an official atomic concept. Missing means no explicit concept-to-content/question evidence mapping; parent prose may discuss it."
Mathematics,Mathematics,"Properties of triangles, quadrilaterals and circles",Quadrilateral and circle properties,MISSING,Missing,Missing,Missing,Missing,Missing,Missing,Missing,Missing,Missing,Missing,Missing,False,"Existing editorial label, not an official atomic concept. Missing means no explicit concept-to-content/question evidence mapping; parent prose may discuss it."
Mathematics,Mathematics,Areas of triangular and quadrilateral figures,Equal-area figures,MISSING,Missing,Missing,Missing,Missing,Missing,Missing,Missing,Missing,Missing,Missing,Missing,False,"Existing editorial label, not an official atomic concept. Missing means no explicit concept-to-content/question evidence mapping; parent prose may discuss it."
Mathematics,Mathematics,Areas of triangular and quadrilateral figures,Base and height relationships,MISSING,Missing,Missing,Missing,Missing,Missing,Missing,Missing,Missing,Missing,Missing,Missing,False,"Existing editorial label, not an official atomic concept. Missing means no explicit concept-to-content/question evidence mapping; parent prose may discuss it."
Mathematics,Mathematics,Geometry with coordinates,Distance and section formulae,MISSING,Missing,Missing,Missing,Missing,Missing,Missing,Missing,Missing,Missing,Missing,Missing,True,"Existing editorial label, not an official atomic concept. Missing means no explicit concept-to-content/question evidence mapping; parent prose may discuss it."
Mathematics,Mathematics,Geometry with coordinates,Area using coordinates,MISSING,Missing,Missing,Missing,Missing,Missing,Missing,Missing,Missing,Missing,Missing,Missing,True,"Existing editorial label, not an official atomic concept. Missing means no explicit concept-to-content/question evidence mapping; parent prose may discuss it."
Mathematics,Mathematics,Trigonometric ratios and applications,Ratios and identities,MISSING,Missing,Missing,Missing,Missing,Missing,Missing,Missing,Missing,Missing,Missing,Missing,False,"Existing editorial label, not an official atomic concept. Missing means no explicit concept-to-content/question evidence mapping; parent prose may discuss it."
Mathematics,Mathematics,Trigonometric ratios and applications,Heights and distances,MISSING,Missing,Missing,Missing,Missing,Missing,Missing,Missing,Missing,Missing,Missing,Missing,False,"Existing editorial label, not an official atomic concept. Missing means no explicit concept-to-content/question evidence mapping; parent prose may discuss it."
Mathematics,Mathematics,Geometric constructions,Constructing similar figures,MISSING,Missing,Missing,Missing,Missing,Missing,Missing,Missing,Missing,Missing,Missing,Missing,False,"Existing editorial label, not an official atomic concept. Missing means no explicit concept-to-content/question evidence mapping; parent prose may discuss it."
Mathematics,Mathematics,Geometric constructions,Tangents to a circle,MISSING,Missing,Missing,Missing,Missing,Missing,Missing,Missing,Missing,Missing,Missing,Missing,False,"Existing editorial label, not an official atomic concept. Missing means no explicit concept-to-content/question evidence mapping; parent prose may discuss it."
Mathematics,Mathematics,Heron-based triangle area,Semiperimeter,MISSING,Missing,Missing,Missing,Missing,Missing,Missing,Missing,Missing,Missing,Missing,Missing,False,"Existing editorial label, not an official atomic concept. Missing means no explicit concept-to-content/question evidence mapping; parent prose may discuss it."
Mathematics,Mathematics,Heron-based triangle area,Area from three side lengths,MISSING,Missing,Missing,Missing,Missing,Missing,Missing,Missing,Missing,Missing,Missing,Missing,False,"Existing editorial label, not an official atomic concept. Missing means no explicit concept-to-content/question evidence mapping; parent prose may discuss it."
Mathematics,Mathematics,Solid surface measurement and volume,Surface areas of solids,MISSING,Missing,Missing,Missing,Missing,Missing,Missing,Missing,Missing,Missing,Missing,Missing,False,"Existing editorial label, not an official atomic concept. Missing means no explicit concept-to-content/question evidence mapping; parent prose may discuss it."
Mathematics,Mathematics,Solid surface measurement and volume,Volumes and combined solids,MISSING,Missing,Missing,Missing,Missing,Missing,Missing,Missing,Missing,Missing,Missing,Missing,False,"Existing editorial label, not an official atomic concept. Missing means no explicit concept-to-content/question evidence mapping; parent prose may discuss it."
Mathematics,Mathematics,Area involving circular regions,Sectors and segments,MISSING,Missing,Missing,Missing,Missing,Missing,Missing,Missing,Missing,Missing,Missing,Missing,False,"Existing editorial label, not an official atomic concept. Missing means no explicit concept-to-content/question evidence mapping; parent prose may discuss it."
Mathematics,Mathematics,Area involving circular regions,Combined plane regions,MISSING,Missing,Missing,Missing,Missing,Missing,Missing,Missing,Missing,Missing,Missing,Missing,False,"Existing editorial label, not an official atomic concept. Missing means no explicit concept-to-content/question evidence mapping; parent prose may discuss it."
Mathematics,Mathematics,Interpreting statistical data,"Mean, median and mode",MISSING,Missing,Missing,Missing,Missing,Missing,Missing,Missing,Missing,Missing,Missing,Missing,True,"Existing editorial label, not an official atomic concept. Missing means no explicit concept-to-content/question evidence mapping; parent prose may discuss it."
Mathematics,Mathematics,Interpreting statistical data,Grouped data and graphs,MISSING,Missing,Missing,Missing,Missing,Missing,Missing,Missing,Missing,Missing,Missing,Missing,True,"Existing editorial label, not an official atomic concept. Missing means no explicit concept-to-content/question evidence mapping; parent prose may discuss it."
Mathematics,Mathematics,Calculating probability,Sample spaces and events,MISSING,Missing,Missing,Missing,Missing,Missing,Missing,Missing,Missing,Missing,Missing,Missing,False,"Existing editorial label, not an official atomic concept. Missing means no explicit concept-to-content/question evidence mapping; parent prose may discuss it."
Mathematics,Mathematics,Calculating probability,Simple probability calculations,MISSING,Missing,Missing,Missing,Missing,Missing,Missing,Missing,Missing,Missing,Missing,Missing,False,"Existing editorial label, not an official atomic concept. Missing means no explicit concept-to-content/question evidence mapping; parent prose may discuss it."
Social Science,Social Science → Geography,India: location and overview,MISSING — atomic concept breakdown not defined,MISSING,Missing,Missing,Missing,Missing,Missing,Missing,Missing,Missing,Missing,Missing,Missing,False,"Existing editorial label, not an official atomic concept. Missing means no explicit concept-to-content/question evidence mapping; parent prose may discuss it."
Social Science,Social Science → Geography,India’s landforms,MISSING — atomic concept breakdown not defined,MISSING,Missing,Missing,Missing,Missing,Missing,Missing,Missing,Missing,Missing,Missing,Missing,False,"Existing editorial label, not an official atomic concept. Missing means no explicit concept-to-content/question evidence mapping; parent prose may discuss it."
Social Science,Social Science → Geography,Climate patterns,MISSING — atomic concept breakdown not defined,MISSING,Missing,Missing,Missing,Missing,Missing,Missing,Missing,Missing,Missing,Missing,Missing,False,"Existing editorial label, not an official atomic concept. Missing means no explicit concept-to-content/question evidence mapping; parent prose may discuss it."
Social Science,Social Science → Geography,"Vegetation, wildlife and soils",MISSING — atomic concept breakdown not defined,MISSING,Missing,Missing,Missing,Missing,Missing,Missing,Missing,Missing,Missing,Missing,Missing,False,"Existing editorial label, not an official atomic concept. Missing means no explicit concept-to-content/question evidence mapping; parent prose may discuss it."
Social Science,Social Science → Geography,Land use and agricultural activities,MISSING — atomic concept breakdown not defined,MISSING,Missing,Missing,Missing,Missing,Missing,Missing,Missing,Missing,Missing,Missing,Missing,False,"Existing editorial label, not an official atomic concept. Missing means no explicit concept-to-content/question evidence mapping; parent prose may discuss it."
Social Science,Social Science → Geography,Mineral resources and energy,MISSING — atomic concept breakdown not defined,MISSING,Missing,Missing,Missing,Missing,Missing,Missing,Missing,Missing,Missing,Missing,Missing,False,"Existing editorial label, not an official atomic concept. Missing means no explicit concept-to-content/question evidence mapping; parent prose may discuss it."
Social Science,Social Science → Geography,Population patterns,MISSING — atomic concept breakdown not defined,MISSING,Missing,Missing,Missing,Missing,Missing,Missing,Missing,Missing,Missing,Missing,Missing,False,"Existing editorial label, not an official atomic concept. Missing means no explicit concept-to-content/question evidence mapping; parent prose may discuss it."
Social Science,Social Science → Geography,"Punjab: terrain, drainage, climate, soils and farming",MISSING — atomic concept breakdown not defined,MISSING,Missing,Missing,Missing,Missing,Missing,Missing,Missing,Missing,Missing,Missing,Missing,False,"Existing editorial label, not an official atomic concept. Missing means no explicit concept-to-content/question evidence mapping; parent prose may discuss it."
Social Science,Social Science → Economics,Economic foundations,MISSING — atomic concept breakdown not defined,MISSING,Missing,Missing,Missing,Missing,Missing,Missing,Missing,Missing,Missing,Missing,Missing,False,"Existing editorial label, not an official atomic concept. Missing means no explicit concept-to-content/question evidence mapping; parent prose may discuss it."
Social Science,Social Science → Economics,India’s economic framework,MISSING — atomic concept breakdown not defined,MISSING,Missing,Missing,Missing,Missing,Missing,Missing,Missing,Missing,Missing,Missing,Missing,False,"Existing editorial label, not an official atomic concept. Missing means no explicit concept-to-content/question evidence mapping; parent prose may discuss it."
Social Science,Social Science → Economics,Agricultural development in India,MISSING — atomic concept breakdown not defined,MISSING,Missing,Missing,Missing,Missing,Missing,Missing,Missing,Missing,Missing,Missing,Missing,False,"Existing editorial label, not an official atomic concept. Missing means no explicit concept-to-content/question evidence mapping; parent prose may discuss it."
Social Science,Social Science → Economics,Industrial development in India,MISSING — atomic concept breakdown not defined,MISSING,Missing,Missing,Missing,Missing,Missing,Missing,Missing,Missing,Missing,Missing,Missing,False,"Existing editorial label, not an official atomic concept. Missing means no explicit concept-to-content/question evidence mapping; parent prose may discuss it."
Social Science,Social Science → Punjab History,Geography’s influence on Punjab’s past,MISSING — atomic concept breakdown not defined,MISSING,Missing,Missing,Missing,Missing,Missing,Missing,Missing,Missing,Missing,Missing,Missing,False,"Existing editorial label, not an official atomic concept. Missing means no explicit concept-to-content/question evidence mapping; parent prose may discuss it."
Social Science,Social Science → Punjab History,Punjab’s society and politics before Guru Nanak,MISSING — atomic concept breakdown not defined,MISSING,Missing,Missing,Missing,Missing,Missing,Missing,Missing,Missing,Missing,Missing,Missing,False,"Existing editorial label, not an official atomic concept. Missing means no explicit concept-to-content/question evidence mapping; parent prose may discuss it."
Social Science,Social Science → Punjab History,Guru Nanak’s life and teachings,MISSING — atomic concept breakdown not defined,MISSING,Missing,Missing,Missing,Missing,Missing,Missing,Missing,Missing,Missing,Missing,Missing,True,"Existing editorial label, not an official atomic concept. Missing means no explicit concept-to-content/question evidence mapping; parent prose may discuss it."
Social Science,Social Science → Punjab History,Contributions of the Gurus from Guru Angad to Guru Tegh Bahadur,MISSING — atomic concept breakdown not defined,MISSING,Missing,Missing,Missing,Missing,Missing,Missing,Missing,Missing,Missing,Missing,Missing,False,"Existing editorial label, not an official atomic concept. Missing means no explicit concept-to-content/question evidence mapping; parent prose may discuss it."
Social Science,Social Science → Punjab History,"Guru Gobind Singh, the Khalsa and its significance",MISSING — atomic concept breakdown not defined,MISSING,Missing,Missing,Missing,Missing,Missing,Missing,Missing,Missing,Missing,Missing,Missing,False,"Existing editorial label, not an official atomic concept. Missing means no explicit concept-to-content/question evidence mapping; parent prose may discuss it."
Social Science,Social Science → Punjab History,Banda Singh Bahadur and the Sikh Misls,MISSING — atomic concept breakdown not defined,MISSING,Missing,Missing,Missing,Missing,Missing,Missing,Missing,Missing,Missing,Missing,Missing,False,"Existing editorial label, not an official atomic concept. Missing means no explicit concept-to-content/question evidence mapping; parent prose may discuss it."
Social Science,Social Science → Punjab History,"Ranjit Singh: early life, achievements and British relations",MISSING — atomic concept breakdown not defined,MISSING,Missing,Missing,Missing,Missing,Missing,Missing,Missing,Missing,Missing,Missing,Missing,False,"Existing editorial label, not an official atomic concept. Missing means no explicit concept-to-content/question evidence mapping; parent prose may discuss it."
Social Science,Social Science → Punjab History,Anglo-Sikh conflict and annexation,MISSING — atomic concept breakdown not defined,MISSING,Missing,Missing,Missing,Missing,Missing,Missing,Missing,Missing,Missing,Missing,Missing,False,"Existing editorial label, not an official atomic concept. Missing means no explicit concept-to-content/question evidence mapping; parent prose may discuss it."
Social Science,Social Science → Punjab History,Punjab’s contribution to the independence struggle,MISSING — atomic concept breakdown not defined,MISSING,Missing,Missing,Missing,Missing,Missing,Missing,Missing,Missing,Missing,Missing,Missing,False,"Existing editorial label, not an official atomic concept. Missing means no explicit concept-to-content/question evidence mapping; parent prose may discuss it."
Social Science,Social Science → Civics,Meaning and importance of democracy,MISSING — atomic concept breakdown not defined,MISSING,Missing,Missing,Missing,Missing,Missing,Missing,Missing,Missing,Missing,Missing,Missing,False,"Existing editorial label, not an official atomic concept. Missing means no explicit concept-to-content/question evidence mapping; parent prose may discuss it."
Social Science,Social Science → Civics,Citizens’ constitutional rights,MISSING — atomic concept breakdown not defined,MISSING,Missing,Missing,Missing,Missing,Missing,Missing,Missing,Missing,Missing,Missing,Missing,False,"Existing editorial label, not an official atomic concept. Missing means no explicit concept-to-content/question evidence mapping; parent prose may discuss it."
Social Science,Social Science → Civics,Major constitutional features,MISSING — atomic concept breakdown not defined,MISSING,Missing,Missing,Missing,Missing,Missing,Missing,Missing,Missing,Missing,Missing,Missing,False,"Existing editorial label, not an official atomic concept. Missing means no explicit concept-to-content/question evidence mapping; parent prose may discuss it."
Social Science,Social Science → Civics,Government at the Union level,MISSING — atomic concept breakdown not defined,MISSING,Missing,Missing,Missing,Missing,Missing,Missing,Missing,Missing,Missing,Missing,Missing,False,"Existing editorial label, not an official atomic concept. Missing means no explicit concept-to-content/question evidence mapping; parent prose may discuss it."
Social Science,Social Science → Civics,Government at the state level,MISSING — atomic concept breakdown not defined,MISSING,Missing,Missing,Missing,Missing,Missing,Missing,Missing,Missing,Missing,Missing,Missing,False,"Existing editorial label, not an official atomic concept. Missing means no explicit concept-to-content/question evidence mapping; parent prose may discuss it."
Social Science,Social Science → Civics,The structure of Indian democracy,MISSING — atomic concept breakdown not defined,MISSING,Missing,Missing,Missing,Missing,Missing,Missing,Missing,Missing,Missing,Missing,Missing,False,"Existing editorial label, not an official atomic concept. Missing means no explicit concept-to-content/question evidence mapping; parent prose may discuss it."
Social Science,Social Science → Civics,India’s external policy and the United Nations,MISSING — atomic concept breakdown not defined,MISSING,Missing,Missing,Missing,Missing,Missing,Missing,Missing,Missing,Missing,Missing,Missing,False,"Existing editorial label, not an official atomic concept. Missing means no explicit concept-to-content/question evidence mapping; parent prose may discuss it."
English,English,Understanding an unfamiliar passage,Main idea,MISSING,Missing,Missing,Missing,Missing,Missing,Missing,Missing,Missing,Missing,Missing,Missing,False,"Existing editorial label, not an official atomic concept. Missing means no explicit concept-to-content/question evidence mapping; parent prose may discuss it."
English,English,Understanding an unfamiliar passage,Evidence and inference,MISSING,Missing,Missing,Missing,Missing,Missing,Missing,Missing,Missing,Missing,Missing,Missing,False,"Existing editorial label, not an official atomic concept. Missing means no explicit concept-to-content/question evidence mapping; parent prose may discuss it."
English,English,Understanding an unfamiliar passage,Vocabulary in context,MISSING,Missing,Missing,Missing,Missing,Missing,Missing,Missing,Missing,Missing,Missing,Missing,False,"Existing editorial label, not an official atomic concept. Missing means no explicit concept-to-content/question evidence mapping; parent prose may discuss it."
English,English,Grammar in sentences and clauses,Articles,MISSING,Missing,Missing,Missing,Missing,Missing,Missing,Missing,Missing,Missing,Missing,Missing,True,"Existing editorial label, not an official atomic concept. Missing means no explicit concept-to-content/question evidence mapping; parent prose may discuss it."
English,English,Grammar in sentences and clauses,Prepositions,MISSING,Missing,Missing,Missing,Missing,Missing,Missing,Missing,Missing,Missing,Missing,Missing,True,"Existing editorial label, not an official atomic concept. Missing means no explicit concept-to-content/question evidence mapping; parent prose may discuss it."
English,English,Grammar in sentences and clauses,Determiners,MISSING,Missing,Missing,Missing,Missing,Missing,Missing,Missing,Missing,Missing,Missing,Missing,True,"Existing editorial label, not an official atomic concept. Missing means no explicit concept-to-content/question evidence mapping; parent prose may discuss it."
English,English,Grammar in sentences and clauses,Conjunctions,MISSING,Missing,Missing,Missing,Missing,Missing,Missing,Missing,Missing,Missing,Missing,Missing,True,"Existing editorial label, not an official atomic concept. Missing means no explicit concept-to-content/question evidence mapping; parent prose may discuss it."
English,English,Grammar in sentences and clauses,Modals,MISSING,Missing,Missing,Missing,Missing,Missing,Missing,Missing,Missing,Missing,Missing,Missing,True,"Existing editorial label, not an official atomic concept. Missing means no explicit concept-to-content/question evidence mapping; parent prose may discuss it."
English,English,Grammar in sentences and clauses,Word and sentence error correction,MISSING,Missing,Missing,Missing,Missing,Missing,Missing,Missing,Missing,Missing,Missing,Missing,True,"Existing editorial label, not an official atomic concept. Missing means no explicit concept-to-content/question evidence mapping; parent prose may discuss it."
English,English,Grammar in sentences and clauses,Tenses,MISSING,Missing,Missing,Missing,Missing,Missing,Missing,Missing,Missing,Missing,Missing,Missing,True,"Existing editorial label, not an official atomic concept. Missing means no explicit concept-to-content/question evidence mapping; parent prose may discuss it."
English,English,Grammar in sentences and clauses,Voice,MISSING,Missing,Missing,Missing,Missing,Missing,Missing,Missing,Missing,Missing,Missing,Missing,True,"Existing editorial label, not an official atomic concept. Missing means no explicit concept-to-content/question evidence mapping; parent prose may discuss it."
English,English,Grammar in sentences and clauses,Narration,MISSING,Missing,Missing,Missing,Missing,Missing,Missing,Missing,Missing,Missing,Missing,Missing,True,"Existing editorial label, not an official atomic concept. Missing means no explicit concept-to-content/question evidence mapping; parent prose may discuss it."
English,English,Grammar in sentences and clauses,Sentence transformation,MISSING,Missing,Missing,Missing,Missing,Missing,Missing,Missing,Missing,Missing,Missing,Missing,True,"Existing editorial label, not an official atomic concept. Missing means no explicit concept-to-content/question evidence mapping; parent prose may discuss it."
English,English,Grammar in sentences and clauses,Clauses,MISSING,Missing,Missing,Missing,Missing,Missing,Missing,Missing,Missing,Missing,Missing,Missing,True,"Existing editorial label, not an official atomic concept. Missing means no explicit concept-to-content/question evidence mapping; parent prose may discuss it."
English,English,Vocabulary and idiomatic meaning,One-word substitution,MISSING,Missing,Missing,Missing,Missing,Missing,Missing,Missing,Missing,Missing,Missing,Missing,False,"Existing editorial label, not an official atomic concept. Missing means no explicit concept-to-content/question evidence mapping; parent prose may discuss it."
English,English,Vocabulary and idiomatic meaning,Antonyms,MISSING,Missing,Missing,Missing,Missing,Missing,Missing,Missing,Missing,Missing,Missing,Missing,False,"Existing editorial label, not an official atomic concept. Missing means no explicit concept-to-content/question evidence mapping; parent prose may discuss it."
English,English,Vocabulary and idiomatic meaning,Synonyms,MISSING,Missing,Missing,Missing,Missing,Missing,Missing,Missing,Missing,Missing,Missing,Missing,False,"Existing editorial label, not an official atomic concept. Missing means no explicit concept-to-content/question evidence mapping; parent prose may discuss it."
English,English,Vocabulary and idiomatic meaning,Idioms and phrases,MISSING,Missing,Missing,Missing,Missing,Missing,Missing,Missing,Missing,Missing,Missing,Missing,False,"Existing editorial label, not an official atomic concept. Missing means no explicit concept-to-content/question evidence mapping; parent prose may discuss it."
English,English,Translation between English and Punjabi,Punjabi to English,MISSING,Missing,Missing,Missing,Missing,Missing,Missing,Missing,Missing,Missing,Missing,Missing,False,"Existing editorial label, not an official atomic concept. Missing means no explicit concept-to-content/question evidence mapping; parent prose may discuss it."
English,English,Translation between English and Punjabi,English to Punjabi,MISSING,Missing,Missing,Missing,Missing,Missing,Missing,Missing,Missing,Missing,Missing,Missing,False,"Existing editorial label, not an official atomic concept. Missing means no explicit concept-to-content/question evidence mapping; parent prose may discuss it."
English,English,Translation between English and Punjabi,"Meaning, grammar and natural phrasing",MISSING,Missing,Missing,Missing,Missing,Missing,Missing,Missing,Missing,Missing,Missing,Missing,False,"Existing editorial label, not an official atomic concept. Missing means no explicit concept-to-content/question evidence mapping; parent prose may discuss it."
Hindi,Hindi,Language and writing systems,MISSING — atomic concept breakdown not defined,MISSING,Missing,Missing,Missing,Missing,Missing,Missing,Missing,Missing,Missing,Missing,Missing,False,"Existing editorial label, not an official atomic concept. Missing means no explicit concept-to-content/question evidence mapping; parent prose may discuss it."
Hindi,Hindi,Sounds and letters,MISSING — atomic concept breakdown not defined,MISSING,Missing,Missing,Missing,Missing,Missing,Missing,Missing,Missing,Missing,Missing,Missing,False,"Existing editorial label, not an official atomic concept. Missing means no explicit concept-to-content/question evidence mapping; parent prose may discuss it."
Hindi,Hindi,Word structure and classification,MISSING — atomic concept breakdown not defined,MISSING,Missing,Missing,Missing,Missing,Missing,Missing,Missing,Missing,Missing,Missing,Missing,False,"Existing editorial label, not an official atomic concept. Missing means no explicit concept-to-content/question evidence mapping; parent prose may discuss it."
Hindi,Hindi,Inflecting word classes,Nouns,MISSING,Missing,Missing,Missing,Missing,Missing,Missing,Missing,Missing,Missing,Missing,Missing,True,"Existing editorial label, not an official atomic concept. Missing means no explicit concept-to-content/question evidence mapping; parent prose may discuss it."
Hindi,Hindi,Inflecting word classes,Pronouns,MISSING,Missing,Missing,Missing,Missing,Missing,Missing,Missing,Missing,Missing,Missing,Missing,True,"Existing editorial label, not an official atomic concept. Missing means no explicit concept-to-content/question evidence mapping; parent prose may discuss it."
Hindi,Hindi,Inflecting word classes,Adjectives,MISSING,Missing,Missing,Missing,Missing,Missing,Missing,Missing,Missing,Missing,Missing,Missing,True,"Existing editorial label, not an official atomic concept. Missing means no explicit concept-to-content/question evidence mapping; parent prose may discuss it."
Hindi,Hindi,Inflecting word classes,Verbs,MISSING,Missing,Missing,Missing,Missing,Missing,Missing,Missing,Missing,Missing,Missing,Missing,True,"Existing editorial label, not an official atomic concept. Missing means no explicit concept-to-content/question evidence mapping; parent prose may discuss it."
Hindi,Hindi,Uninflected word classes,Adverbs,MISSING,Missing,Missing,Missing,Missing,Missing,Missing,Missing,Missing,Missing,Missing,Missing,False,"Existing editorial label, not an official atomic concept. Missing means no explicit concept-to-content/question evidence mapping; parent prose may discuss it."
Hindi,Hindi,Uninflected word classes,Postpositions,MISSING,Missing,Missing,Missing,Missing,Missing,Missing,Missing,Missing,Missing,Missing,Missing,False,"Existing editorial label, not an official atomic concept. Missing means no explicit concept-to-content/question evidence mapping; parent prose may discuss it."
Hindi,Hindi,Uninflected word classes,Conjunctions,MISSING,Missing,Missing,Missing,Missing,Missing,Missing,Missing,Missing,Missing,Missing,Missing,False,"Existing editorial label, not an official atomic concept. Missing means no explicit concept-to-content/question evidence mapping; parent prose may discuss it."
Hindi,Hindi,Uninflected word classes,Interjections,MISSING,Missing,Missing,Missing,Missing,Missing,Missing,Missing,Missing,Missing,Missing,Missing,False,"Existing editorial label, not an official atomic concept. Missing means no explicit concept-to-content/question evidence mapping; parent prose may discuss it."
Hindi,Hindi,Words with similar meanings,MISSING — atomic concept breakdown not defined,MISSING,Missing,Missing,Missing,Missing,Missing,Missing,Missing,Missing,Missing,Missing,Missing,False,"Existing editorial label, not an official atomic concept. Missing means no explicit concept-to-content/question evidence mapping; parent prose may discuss it."
Hindi,Hindi,Sanskrit-derived word forms,MISSING — atomic concept breakdown not defined,MISSING,Missing,Missing,Missing,Missing,Missing,Missing,Missing,Missing,Missing,Missing,Missing,False,"Existing editorial label, not an official atomic concept. Missing means no explicit concept-to-content/question evidence mapping; parent prose may discuss it."
Hindi,Hindi,Word formation using affixes,MISSING — atomic concept breakdown not defined,MISSING,Missing,Missing,Missing,Missing,Missing,Missing,Missing,Missing,Missing,Missing,Missing,False,"Existing editorial label, not an official atomic concept. Missing means no explicit concept-to-content/question evidence mapping; parent prose may discuss it."
Hindi,Hindi,Replacing a phrase with one word,MISSING — atomic concept breakdown not defined,MISSING,Missing,Missing,Missing,Missing,Missing,Missing,Missing,Missing,Missing,Missing,Missing,False,"Existing editorial label, not an official atomic concept. Missing means no explicit concept-to-content/question evidence mapping; parent prose may discuss it."
Hindi,Hindi,Words with several meanings,MISSING — atomic concept breakdown not defined,MISSING,Missing,Missing,Missing,Missing,Missing,Missing,Missing,Missing,Missing,Missing,Missing,False,"Existing editorial label, not an official atomic concept. Missing means no explicit concept-to-content/question evidence mapping; parent prose may discuss it."
Hindi,Hindi,Opposite-meaning vocabulary,MISSING — atomic concept breakdown not defined,MISSING,Missing,Missing,Missing,Missing,Missing,Missing,Missing,Missing,Missing,Missing,Missing,False,"Existing editorial label, not an official atomic concept. Missing means no explicit concept-to-content/question evidence mapping; parent prose may discuss it."
Hindi,Hindi,Correct and incorrect word forms,MISSING — atomic concept breakdown not defined,MISSING,Missing,Missing,Missing,Missing,Missing,Missing,Missing,Missing,Missing,Missing,Missing,False,"Existing editorial label, not an official atomic concept. Missing means no explicit concept-to-content/question evidence mapping; parent prose may discuss it."
Hindi,Hindi,Correcting sentences,MISSING — atomic concept breakdown not defined,MISSING,Missing,Missing,Missing,Missing,Missing,Missing,Missing,Missing,Missing,Missing,Missing,False,"Existing editorial label, not an official atomic concept. Missing means no explicit concept-to-content/question evidence mapping; parent prose may discuss it."
Hindi,Hindi,Idioms and proverbs in context,MISSING — atomic concept breakdown not defined,MISSING,Missing,Missing,Missing,Missing,Missing,Missing,Missing,Missing,Missing,Missing,Missing,False,"Existing editorial label, not an official atomic concept. Missing means no explicit concept-to-content/question evidence mapping; parent prose may discuss it."
Hindi,Hindi,Rendering Hindi into Punjabi,MISSING — atomic concept breakdown not defined,MISSING,Missing,Missing,Missing,Missing,Missing,Missing,Missing,Missing,Missing,Missing,Missing,False,"Existing editorial label, not an official atomic concept. Missing means no explicit concept-to-content/question evidence mapping; parent prose may discuss it."
