Subject,Unit,Topic,ID,Notes,Summary,Key points,Flip cards,MCQs,In mock,PYQ,Resources,HI,PA,EN,Eligible MCQs,Content evidence status,Common tag
Punjabi,Punjabi,Folk literature,ett-punjabi-1,Partial,Partial,Partial,Partial,Partial,Partial,Missing,Partial,Partial,Partial,Partial,10,AI-GENERATED (needs human review; origin not independently established),shared:punjabi
Punjabi,Punjabi,Punjabi cultural traditions,ett-punjabi-2,Missing,Missing,Missing,Missing,Missing,Missing,Missing,Missing,Missing,Missing,Missing,0,MISSING,shared:punjabi
Punjabi,Punjabi,Idiomatic and proverbial usage,ett-punjabi-3,Partial,Partial,Partial,Partial,Partial,Partial,Missing,Partial,Partial,Partial,Partial,10,AI-GENERATED (needs human review; origin not independently established),shared:punjabi
Punjabi,Punjabi,Rendering English into Punjabi,ett-punjabi-4,Missing,Missing,Missing,Missing,Missing,Missing,Missing,Missing,Missing,Missing,Missing,0,MISSING,shared:punjabi
Punjabi,Punjabi,Rewriting sentences,ett-punjabi-5,Missing,Missing,Missing,Missing,Missing,Missing,Missing,Missing,Missing,Missing,Missing,0,MISSING,shared:punjabi
General Science,Motion,Motion,ett-science-motion,Partial,Partial,Partial,Partial,Partial,Partial,Missing,Partial,Partial,Partial,Partial,10,AI-GENERATED (needs human review; origin not independently established),shared:science
General Science,Force and laws of motion,Force and laws of motion,ett-science-force,Missing,Missing,Missing,Missing,Missing,Missing,Missing,Missing,Missing,Missing,Missing,0,MISSING,shared:science
General Science,Gravitation,Gravitation,ett-science-gravitation,Missing,Missing,Missing,Missing,Missing,Missing,Missing,Missing,Missing,Missing,Missing,0,MISSING,shared:science
General Science,Work and energy,Work and energy,ett-science-work-energy,Missing,Missing,Missing,Missing,Missing,Missing,Missing,Missing,Missing,Missing,Missing,0,MISSING,shared:science
General Science,Sound,Sound,ett-science-sound,Missing,Missing,Missing,Missing,Missing,Missing,Missing,Missing,Missing,Missing,Missing,0,MISSING,shared:science
General Science,Light reflection and refraction,Reflection and plane mirrors,ett-light-reflection,Partial,Partial,Partial,Partial,Partial,Partial,Missing,Partial,Partial,Partial,Partial,20,AI-GENERATED (needs human review; origin not independently established),shared:science
General Science,Light reflection and refraction,Spherical mirrors and ray diagrams,ett-light-2,Missing,Missing,Missing,Missing,Missing,Missing,Missing,Missing,Missing,Missing,Missing,0,MISSING,shared:science
General Science,Light reflection and refraction,Mirror formula and sign convention,ett-light-3,Missing,Missing,Missing,Missing,Missing,Missing,Missing,Missing,Missing,Missing,Missing,0,MISSING,shared:science
General Science,Light reflection and refraction,Refraction and refractive index,ett-light-4,Missing,Missing,Missing,Missing,Missing,Missing,Missing,Missing,Missing,Missing,Missing,0,MISSING,shared:science
General Science,Light reflection and refraction,"Lenses, lens formula and power",ett-light-5,Missing,Missing,Missing,Missing,Missing,Missing,Missing,Missing,Missing,Missing,Missing,0,MISSING,shared:science
General Science,Electricity,Electricity,ett-science-electricity,Missing,Missing,Missing,Missing,Missing,Missing,Missing,Missing,Missing,Missing,Missing,0,MISSING,shared:science
General Science,Magnetism,Magnetism,ett-science-magnetism,Missing,Missing,Missing,Missing,Missing,Missing,Missing,Missing,Missing,Missing,Missing,0,MISSING,shared:science
General Science,Sources of energy,Sources of energy,ett-science-energy,Missing,Missing,Missing,Missing,Missing,Missing,Missing,Missing,Missing,Missing,Missing,0,MISSING,shared:science
General Science,Matter in our surroundings,Matter in our surroundings,ett-science-matter,Missing,Missing,Missing,Missing,Missing,Missing,Missing,Missing,Missing,Missing,Missing,0,MISSING,shared:science
General Science,Atoms and molecules,Atoms and molecules,ett-science-atoms,Missing,Missing,Missing,Missing,Missing,Missing,Missing,Missing,Missing,Missing,Missing,0,MISSING,shared:science
General Science,Chemical reactions and equations,Chemical reactions and equations,ett-science-reactions,Missing,Missing,Missing,Missing,Missing,Missing,Missing,Missing,Missing,Missing,Missing,0,MISSING,shared:science
General Science,"Acids, bases and salts","Acids, bases and salts",ett-science-acids,Partial,Partial,Partial,Partial,Partial,Partial,Missing,Partial,Partial,Partial,Partial,10,AI-GENERATED (needs human review; origin not independently established),shared:science
General Science,Metals and non-metals,Metals and non-metals,ett-science-metals,Missing,Missing,Missing,Missing,Missing,Missing,Missing,Missing,Missing,Missing,Missing,0,MISSING,shared:science
General Science,Carbon and its compounds,Carbon and its compounds,ett-science-carbon,Missing,Missing,Missing,Missing,Missing,Missing,Missing,Missing,Missing,Missing,Missing,0,MISSING,shared:science
General Science,The fundamental unit of life,The fundamental unit of life,ett-science-cell,Missing,Missing,Missing,Missing,Missing,Missing,Missing,Missing,Missing,Missing,Missing,0,MISSING,shared:science
General Science,Tissues,Tissues,ett-science-tissues,Missing,Missing,Missing,Missing,Missing,Missing,Missing,Missing,Missing,Missing,Missing,0,MISSING,shared:science
General Science,Diversity of living organisms,Diversity of living organisms,ett-science-diversity,Missing,Missing,Missing,Missing,Missing,Missing,Missing,Missing,Missing,Missing,Missing,0,MISSING,shared:science
General Science,Why do we fall ill?,Why do we fall ill?,ett-science-illness,Missing,Missing,Missing,Missing,Missing,Missing,Missing,Missing,Missing,Missing,Missing,0,MISSING,shared:science
General Science,Natural resources,Natural resources,ett-science-resources,Missing,Missing,Missing,Missing,Missing,Missing,Missing,Missing,Missing,Missing,Missing,0,MISSING,shared:science
General Science,Improvement in food resources,Improvement in food resources,ett-science-food,Missing,Missing,Missing,Missing,Missing,Missing,Missing,Missing,Missing,Missing,Missing,0,MISSING,shared:science
General Science,Life processes,Life processes,ett-science-life,Missing,Missing,Missing,Missing,Missing,Missing,Missing,Missing,Missing,Missing,Missing,0,MISSING,shared:science
General Science,Control and coordination,Control and coordination,ett-science-control,Missing,Missing,Missing,Missing,Missing,Missing,Missing,Missing,Missing,Missing,Missing,0,MISSING,shared:science
General Science,Reproduction in organisms,Reproduction in organisms,ett-science-reproduction,Missing,Missing,Missing,Missing,Missing,Missing,Missing,Missing,Missing,Missing,Missing,0,MISSING,shared:science
General Science,Heredity and evolution,Heredity and evolution,ett-science-heredity,Missing,Missing,Missing,Missing,Missing,Missing,Missing,Missing,Missing,Missing,Missing,0,MISSING,shared:science
General Science,The human eye and colourful world,The human eye and colourful world,ett-science-eye,Missing,Missing,Missing,Missing,Missing,Missing,Missing,Missing,Missing,Missing,Missing,0,MISSING,shared:science
Mathematics,Mathematics,Number systems and their properties,ett-math-1,Missing,Missing,Missing,Missing,Missing,Missing,Missing,Missing,Missing,Missing,Missing,0,MISSING,shared:maths
Mathematics,Mathematics,Working with real numbers,ett-math-2,Partial,Partial,Partial,Partial,Partial,Partial,Missing,Partial,Partial,Partial,Partial,10,AI-GENERATED (needs human review; origin not independently established),shared:maths
Mathematics,Mathematics,Polynomial expressions,ett-math-3,Missing,Missing,Missing,Missing,Missing,Missing,Missing,Missing,Missing,Missing,Missing,0,MISSING,shared:maths
Mathematics,Mathematics,"Linear equations in two variables, including simultaneous pairs",ett-math-4,Partial,Partial,Partial,Partial,Partial,Partial,Missing,Partial,Partial,Partial,Partial,10,AI-GENERATED (needs human review; origin not independently established),shared:maths
Mathematics,Mathematics,Solving quadratic equations,ett-math-5,Missing,Missing,Missing,Missing,Missing,Missing,Missing,Missing,Missing,Missing,Missing,0,MISSING,shared:maths
Mathematics,Mathematics,Arithmetic sequences,ett-math-6,Missing,Missing,Missing,Missing,Missing,Missing,Missing,Missing,Missing,Missing,Missing,0,MISSING,shared:maths
Mathematics,Mathematics,Euclidean geometry foundations,ett-math-7,Missing,Missing,Missing,Missing,Missing,Missing,Missing,Missing,Missing,Missing,Missing,0,MISSING,shared:maths
Mathematics,Mathematics,Angles formed by lines,ett-math-8,Missing,Missing,Missing,Missing,Missing,Missing,Missing,Missing,Missing,Missing,Missing,0,MISSING,shared:maths
Mathematics,Mathematics,"Properties of triangles, quadrilaterals and circles",ett-math-9,Missing,Missing,Missing,Missing,Missing,Missing,Missing,Missing,Missing,Missing,Missing,0,MISSING,shared:maths
Mathematics,Mathematics,Areas of triangular and quadrilateral figures,ett-math-10,Missing,Missing,Missing,Missing,Missing,Missing,Missing,Missing,Missing,Missing,Missing,0,MISSING,shared:maths
Mathematics,Mathematics,Geometry with coordinates,ett-math-11,Partial,Partial,Partial,Partial,Partial,Partial,Missing,Partial,Partial,Partial,Partial,10,AI-GENERATED (needs human review; origin not independently established),shared:maths
Mathematics,Mathematics,Trigonometric ratios and applications,ett-math-12,Missing,Missing,Missing,Missing,Missing,Missing,Missing,Missing,Missing,Missing,Missing,0,MISSING,shared:maths
Mathematics,Mathematics,Geometric constructions,ett-math-13,Missing,Missing,Missing,Missing,Missing,Missing,Missing,Missing,Missing,Missing,Missing,0,MISSING,shared:maths
Mathematics,Mathematics,Heron-based triangle area,ett-math-14,Missing,Missing,Missing,Missing,Missing,Missing,Missing,Missing,Missing,Missing,Missing,0,MISSING,shared:maths
Mathematics,Mathematics,Solid surface measurement and volume,ett-math-15,Missing,Missing,Missing,Missing,Missing,Missing,Missing,Missing,Missing,Missing,Missing,0,MISSING,shared:maths
Mathematics,Mathematics,Area involving circular regions,ett-math-16,Missing,Missing,Missing,Missing,Missing,Missing,Missing,Missing,Missing,Missing,Missing,0,MISSING,shared:maths
Mathematics,Mathematics,Interpreting statistical data,ett-math-17,Partial,Partial,Partial,Partial,Partial,Partial,Missing,Partial,Partial,Partial,Partial,10,AI-GENERATED (needs human review; origin not independently established),shared:maths
Mathematics,Mathematics,Calculating probability,ett-math-18,Missing,Missing,Missing,Missing,Missing,Missing,Missing,Missing,Missing,Missing,Missing,0,MISSING,shared:maths
Social Science,Social Science → Geography,India: location and overview,ett-sst-geography-1,Missing,Missing,Missing,Missing,Missing,Missing,Missing,Missing,Missing,Missing,Missing,0,MISSING,shared:social-science
Social Science,Social Science → Geography,India’s landforms,ett-sst-geography-2,Missing,Missing,Missing,Missing,Missing,Missing,Missing,Missing,Missing,Missing,Missing,0,MISSING,shared:social-science
Social Science,Social Science → Geography,Climate patterns,ett-sst-geography-3,Missing,Missing,Missing,Missing,Missing,Missing,Missing,Missing,Missing,Missing,Missing,0,MISSING,shared:social-science
Social Science,Social Science → Geography,"Vegetation, wildlife and soils",ett-sst-geography-4,Missing,Missing,Missing,Missing,Missing,Missing,Missing,Missing,Missing,Missing,Missing,0,MISSING,shared:social-science
Social Science,Social Science → Geography,Land use and agricultural activities,ett-sst-geography-5,Missing,Missing,Missing,Missing,Missing,Missing,Missing,Missing,Missing,Missing,Missing,0,MISSING,shared:social-science
Social Science,Social Science → Geography,Mineral resources and energy,ett-sst-geography-6,Missing,Missing,Missing,Missing,Missing,Missing,Missing,Missing,Missing,Missing,Missing,0,MISSING,shared:social-science
Social Science,Social Science → Geography,Population patterns,ett-sst-geography-7,Missing,Missing,Missing,Missing,Missing,Missing,Missing,Missing,Missing,Missing,Missing,0,MISSING,shared:social-science
Social Science,Social Science → Geography,"Punjab: terrain, drainage, climate, soils and farming",ett-sst-geography-8,Missing,Missing,Missing,Missing,Missing,Missing,Missing,Missing,Missing,Missing,Missing,0,MISSING,shared:social-science
Social Science,Social Science → Economics,Economic foundations,ett-sst-economics-1,Missing,Missing,Missing,Missing,Missing,Missing,Missing,Missing,Missing,Missing,Missing,0,MISSING,shared:social-science
Social Science,Social Science → Economics,India’s economic framework,ett-sst-economics-2,Missing,Missing,Missing,Missing,Missing,Missing,Missing,Missing,Missing,Missing,Missing,0,MISSING,shared:social-science
Social Science,Social Science → Economics,Agricultural development in India,ett-sst-economics-3,Missing,Missing,Missing,Missing,Missing,Missing,Missing,Missing,Missing,Missing,Missing,0,MISSING,shared:social-science
Social Science,Social Science → Economics,Industrial development in India,ett-sst-economics-4,Missing,Missing,Missing,Missing,Missing,Missing,Missing,Missing,Missing,Missing,Missing,0,MISSING,shared:social-science
Social Science,Social Science → Punjab History,Geography’s influence on Punjab’s past,ett-sst-history-1,Missing,Missing,Missing,Missing,Missing,Missing,Missing,Missing,Missing,Missing,Missing,0,MISSING,shared:social-science
Social Science,Social Science → Punjab History,Punjab’s society and politics before Guru Nanak,ett-sst-history-2,Missing,Missing,Missing,Missing,Missing,Missing,Missing,Missing,Missing,Missing,Missing,0,MISSING,shared:social-science
Social Science,Social Science → Punjab History,Guru Nanak’s life and teachings,ett-sst-history-3,Partial,Partial,Partial,Partial,Partial,Partial,Missing,Partial,Partial,Partial,Partial,10,AI-GENERATED (needs human review; origin not independently established),shared:social-science
Social Science,Social Science → Punjab History,Contributions of the Gurus from Guru Angad to Guru Tegh Bahadur,ett-sst-history-4,Missing,Missing,Missing,Missing,Missing,Missing,Missing,Missing,Missing,Missing,Missing,0,MISSING,shared:social-science
Social Science,Social Science → Punjab History,"Guru Gobind Singh, the Khalsa and its significance",ett-sst-history-5,Missing,Missing,Missing,Missing,Missing,Missing,Missing,Missing,Missing,Missing,Missing,0,MISSING,shared:social-science
Social Science,Social Science → Punjab History,Banda Singh Bahadur and the Sikh Misls,ett-sst-history-6,Missing,Missing,Missing,Missing,Missing,Missing,Missing,Missing,Missing,Missing,Missing,0,MISSING,shared:social-science
Social Science,Social Science → Punjab History,"Ranjit Singh: early life, achievements and British relations",ett-sst-history-7,Missing,Missing,Missing,Missing,Missing,Missing,Missing,Missing,Missing,Missing,Missing,0,MISSING,shared:social-science
Social Science,Social Science → Punjab History,Anglo-Sikh conflict and annexation,ett-sst-history-8,Missing,Missing,Missing,Missing,Missing,Missing,Missing,Missing,Missing,Missing,Missing,0,MISSING,shared:social-science
Social Science,Social Science → Punjab History,Punjab’s contribution to the independence struggle,ett-sst-history-9,Missing,Missing,Missing,Missing,Missing,Missing,Missing,Missing,Missing,Missing,Missing,0,MISSING,shared:social-science
Social Science,Social Science → Civics,Meaning and importance of democracy,ett-sst-civics-1,Missing,Missing,Missing,Missing,Missing,Missing,Missing,Missing,Missing,Missing,Missing,0,MISSING,shared:social-science
Social Science,Social Science → Civics,Citizens’ constitutional rights,ett-sst-civics-2,Missing,Missing,Missing,Missing,Missing,Missing,Missing,Missing,Missing,Missing,Missing,0,MISSING,shared:social-science
Social Science,Social Science → Civics,Major constitutional features,ett-sst-civics-3,Missing,Missing,Missing,Missing,Missing,Missing,Missing,Missing,Missing,Missing,Missing,0,MISSING,shared:social-science
Social Science,Social Science → Civics,Government at the Union level,ett-sst-civics-4,Missing,Missing,Missing,Missing,Missing,Missing,Missing,Missing,Missing,Missing,Missing,0,MISSING,shared:social-science
Social Science,Social Science → Civics,Government at the state level,ett-sst-civics-5,Missing,Missing,Missing,Missing,Missing,Missing,Missing,Missing,Missing,Missing,Missing,0,MISSING,shared:social-science
Social Science,Social Science → Civics,The structure of Indian democracy,ett-sst-civics-6,Missing,Missing,Missing,Missing,Missing,Missing,Missing,Missing,Missing,Missing,Missing,0,MISSING,shared:social-science
Social Science,Social Science → Civics,India’s external policy and the United Nations,ett-sst-civics-7,Missing,Missing,Missing,Missing,Missing,Missing,Missing,Missing,Missing,Missing,Missing,0,MISSING,shared:social-science
English,English,Understanding an unfamiliar passage,ett-english-1,Missing,Missing,Missing,Missing,Missing,Missing,Missing,Missing,Missing,Missing,Missing,0,MISSING,shared:english
English,English,Grammar in sentences and clauses,ett-english-2,Partial,Partial,Partial,Partial,Partial,Partial,Missing,Partial,Partial,Partial,Partial,10,AI-GENERATED (needs human review; origin not independently established),shared:english
English,English,Vocabulary and idiomatic meaning,ett-english-3,Missing,Missing,Missing,Missing,Missing,Missing,Missing,Missing,Missing,Missing,Missing,0,MISSING,shared:english
English,English,Translation between English and Punjabi,ett-english-4,Missing,Missing,Missing,Missing,Missing,Missing,Missing,Missing,Missing,Missing,Missing,0,MISSING,shared:english
Hindi,Hindi,Language and writing systems,ett-hindi-1,Missing,Missing,Missing,Missing,Missing,Missing,Missing,Missing,Missing,Missing,Missing,0,MISSING,shared:hindi
Hindi,Hindi,Sounds and letters,ett-hindi-2,Missing,Missing,Missing,Missing,Missing,Missing,Missing,Missing,Missing,Missing,Missing,0,MISSING,shared:hindi
Hindi,Hindi,Word structure and classification,ett-hindi-3,Missing,Missing,Missing,Missing,Missing,Missing,Missing,Missing,Missing,Missing,Missing,0,MISSING,shared:hindi
Hindi,Hindi,Inflecting word classes,ett-hindi-4,Partial,Partial,Partial,Partial,Partial,Partial,Missing,Partial,Partial,Partial,Partial,10,AI-GENERATED (needs human review; origin not independently established),shared:hindi
Hindi,Hindi,Uninflected word classes,ett-hindi-5,Missing,Missing,Missing,Missing,Missing,Missing,Missing,Missing,Missing,Missing,Missing,0,MISSING,shared:hindi
Hindi,Hindi,Words with similar meanings,ett-hindi-6,Missing,Missing,Missing,Missing,Missing,Missing,Missing,Missing,Missing,Missing,Missing,0,MISSING,shared:hindi
Hindi,Hindi,Sanskrit-derived word forms,ett-hindi-7,Missing,Missing,Missing,Missing,Missing,Missing,Missing,Missing,Missing,Missing,Missing,0,MISSING,shared:hindi
Hindi,Hindi,Word formation using affixes,ett-hindi-8,Missing,Missing,Missing,Missing,Missing,Missing,Missing,Missing,Missing,Missing,Missing,0,MISSING,shared:hindi
Hindi,Hindi,Replacing a phrase with one word,ett-hindi-9,Missing,Missing,Missing,Missing,Missing,Missing,Missing,Missing,Missing,Missing,Missing,0,MISSING,shared:hindi
Hindi,Hindi,Words with several meanings,ett-hindi-10,Missing,Missing,Missing,Missing,Missing,Missing,Missing,Missing,Missing,Missing,Missing,0,MISSING,shared:hindi
Hindi,Hindi,Opposite-meaning vocabulary,ett-hindi-11,Missing,Missing,Missing,Missing,Missing,Missing,Missing,Missing,Missing,Missing,Missing,0,MISSING,shared:hindi
Hindi,Hindi,Correct and incorrect word forms,ett-hindi-12,Missing,Missing,Missing,Missing,Missing,Missing,Missing,Missing,Missing,Missing,Missing,0,MISSING,shared:hindi
Hindi,Hindi,Correcting sentences,ett-hindi-13,Missing,Missing,Missing,Missing,Missing,Missing,Missing,Missing,Missing,Missing,Missing,0,MISSING,shared:hindi
Hindi,Hindi,Idioms and proverbs in context,ett-hindi-14,Missing,Missing,Missing,Missing,Missing,Missing,Missing,Missing,Missing,Missing,Missing,0,MISSING,shared:hindi
Hindi,Hindi,Rendering Hindi into Punjabi,ett-hindi-15,Missing,Missing,Missing,Missing,Missing,Missing,Missing,Missing,Missing,Missing,Missing,0,MISSING,shared:hindi
